Verein,Land,"Jugendspieler in Akademie","Jugendspieler befördert",Transfererlös
"FS Brøndby",Dänemark,349,191,1062266136
"FC Mytilene 1995",Griechenland,352,130,1055873607
"TSG Goslar 1923",Deutschland,348,134,937453243
"IS Östersund",Schweden,326,166,910412928
"Canvey Sunshine",England,295,159,896256446
"SSC Kallithea",Griechenland,379,121,885946348
"Eintracht Bochum",Deutschland,367,109,852993526
"Preston City",England,383,185,843164331
"RSV Lingen",Deutschland,301,164,842468320
"Latium Rom",Italien,318,194,833240743
"Real Majadahonda",Spanien,352,160,824801935
"Red Wings Salzburg",Österreich,354,142,823675304
"1. FC Karlsruhe",Deutschland,277,138,813317301
"Truro Wildcats",England,258,123,804749409
"FC Brinkum",Deutschland,363,180,802910729
"AC Empoli",Italien,273,148,796870150
"VfB Chemnitz",Deutschland,305,147,790907612
"1.SSV St. Pauli",Deutschland,331,156,784554137
"Berlin United",Deutschland,365,177,783268229
"SC Torpedo Dresden",Deutschland,355,163,777040987
"SpVgg M´gladbach",Deutschland,380,217,767682274
"CD León",Spanien,255,115,754799548
"Mainzer FC",Deutschland,375,113,746824634
"BBC Bissingen",Deutschland,297,154,738381509
"DFC Fortuna Berlin",Deutschland,336,177,738289714
"Racing Tenerife",Spanien,338,162,734662090
"CD Málaga",Spanien,338,118,731020404
"London Gunners",England,367,164,724751291
"SD Granada",Spanien,257,155,721579214
"Hansa Bremen",Deutschland,343,125,719481092
"Inter Senica",Slowakei,259,162,718343469
"Usk Newport",England,314,189,716119965
"Royal Madrid",Spanien,354,188,714375278
"Bavaria Buchbach",Deutschland,262,110,712362296
"VFC Zlaté Moravce",Slowakei,259,131,707301379
"SAK Klagenfurt",Österreich,337,158,697326746
"Sportiva Novara",Italien,334,101,695576163
"1. FV Würzburg",Deutschland,279,143,692494738
"1.FK Hannover ",Deutschland,308,123,685511339
"CV Milan",Italien,334,162,679510170
"TKF 1915 Šamorín",Slowakei,286,163,678645223
"Germania Paris",Frankreich,341,157,672658858
"Brighton Seagulls",England,285,122,669618820
"Športový Trenčín",Slowakei,350,170,664588147
"Aias Amsterdam FK",Niederlande,343,196,664394709
"GH Zürich 1887",Schweiz,211,102,658366218
"SK Münchener Löwen",Deutschland,360,166,656271591
"Duisburg Zebras",Deutschland,369,170,654030659
"SV Porta Trier",Deutschland,272,131,651375974
"Everton Soccer",England,357,121,650163351
"SpVgg Münster 1908",Deutschland,368,177,647687836
"SSC Bremen 1915",Deutschland,282,133,645544263
"Garonne Bordeaux",Frankreich,306,158,644500374
"WFFK Rödinghausen",Deutschland,335,149,643085027
"Hull Tigers",England,271,146,642397650
"Pats Dublin CF",Irland,276,160,639332003
"FK Fanorbohçe",Türkei,323,121,638407816
"Madeíro Funchal",Portugal,299,146,637142865
"Hednesford Unity",England,333,195,636598411
"Borussia Bautzen",Deutschland,339,154,632189130
"SK Austrien Wien",Österreich,317,155,631958807
"Fryslân Heerenveen",Niederlande,362,162,628669265
"Københavner FK",Dänemark,339,159,624060677
"Sedan FAC",Frankreich,338,171,619220216
"FV Nürnberg 1907",Deutschland,294,157,618477403
"SFV Koblenz",Deutschland,320,148,618032908
"Breisgauer SV",Deutschland,310,156,616216541
"Virginia Turin",Italien,333,130,613379188
"RBS Pforzheim",Deutschland,331,145,613098154
"Kleeblatt Oberhausen",Deutschland,302,151,612739643
"Union Unterhaching",Deutschland,221,113,612680290
"FV Porto",Portugal,307,126,612449457
"SSC Halle",Deutschland,333,107,607423703
"Concorde Colmar",Frankreich,305,165,603045386
"Barnet Union",England,317,157,601066059
"Victoria Düsseldorf",Deutschland,315,142,594930204
"Délkeleti Kispest",Ungarn,262,129,590862090
"Lokhtar Donezk",Ukraine,262,138,590117957
"FV Valencia",Spanien,369,123,589156673
"Hansa Barmbek",Deutschland,286,118,587690136
"RFC Monaco",Frankreich,314,141,584314548
"FSV Alm Bielefeld",Deutschland,313,154,582758980
"Ciltic Glasgow",Schottland,344,144,576988189
"KV Lahti",Finnland,293,154,574708116
"FC Roma",Italien,333,116,571724893
"Sachen Markranstädt",Deutschland,292,166,568059455
"BFC Freiburg",Deutschland,289,149,562810863
"FK Raptor Wien",Österreich,317,146,562671537
"Watford Elks",England,333,152,557182320
"Manchester Town",England,328,163,556857399
"HSV Frankfurt",Deutschland,312,149,555020057
"SF Getafe",Spanien,255,157,554965122
"FK Sachsen Aue",Deutschland,313,114,553020072
"Mało Kraków",Polen,352,136,550944895
"FV Sevilla",Spanien,290,146,550481444
"SV Intra Leipzig",Deutschland,235,103,550267379
"AC Cagliari",Italien,303,143,544763785
"Dynamo Zwickau",Deutschland,308,151,540049622
"Borussia Fürth",Deutschland,256,139,539521949
"Maastrichter FC",Niederlande,267,146,538439651
"FC Inter Znojmo",Tschechien,300,144,537002690
"Başektaş Istanbul",Türkei,291,151,536960274
"Blau-Schwarz Mannheim",Deutschland,299,148,536368625
"Wésłav Kraków",Polen,245,165,525346631
"TSG Aschaffenburg 04",Deutschland,287,130,525201611
"NJL Farum",Dänemark,241,150,524476855
"Dundee FK",Schottland,286,147,523011200
"IFK Stømsgudsot",Norwegen,333,159,516328820
"BFV München",Deutschland,362,164,516121129
"FV Vic Plzeň",Tschechien,283,145,515571808
"Spartak Podbrezová",Slowakei,267,165,513991833
"HSV Rathenow",Deutschland,330,170,513796696
"Newcastle Union",England,231,142,512680816
"Red Lions Millwall",England,237,129,507059378
"Chelsea Soccer",England,332,164,502993946
"Manchester Devils",England,375,171,502714150
"FKV Köln",Deutschland,309,153,497476305
"Union Drochtersen",Deutschland,203,121,495178572
"UD Barakaldo",Spanien,247,128,494643474
"AS Oostende",Belgien,375,144,494301630
"Charlton Haddocks",England,250,133,494205643
"Motherwell Soccers",Schottland,295,166,493961116
"ZSK Omsk",Russland,162,153,493696638
"FKPG Saalfelden",Österreich,325,159,492420421
"AJ Valenciennes",Frankreich,293,158,490871030
"Atletico Bergamo",Italien,284,138,489430555
"MFC Budapest",Ungarn,229,142,488305256
"Ballsport Dortmund",Deutschland,326,139,486803518
"FC Helsingborg",Schweden,221,138,485561123
"FC Helsingstars",Finnland,233,116,485398075
"FV Venlo 02",Niederlande,325,175,485270167
"NFV Meppen",Deutschland,228,127,484589699
"Sportive Épinal",Frankreich,339,172,484292942
"VfL Braunschweig",Deutschland,284,152,483688001
"AS Cello Verona",Italien,264,157,483652069
"Thraki Komotini",Griechenland,273,139,483496438
"KF Lamia 1965",Griechenland,347,141,480041201
"AC Sportivo Madrid",Spanien,350,131,475744985
"Liverpool Reds",England,340,116,472004461
"SSV Kapfenberg 09",Österreich,250,132,470626714
"SGE Rheine",Deutschland,292,167,470341516
"WFV Ennepetal",Deutschland,290,77,469855955
"Jizera Boleslav",Tschechien,223,136,467340203
"FC Stoke 1865",England,256,158,466542804
"FC Narva Buse",Estland,170,119,466431335
"Glasgow Randers",Schottland,265,141,465724820
"FV Austrien Salzburg",Österreich,245,151,463029707
"Esportiu Reus",Spanien,252,128,461131966
"Royal Tilburg",Niederlande,312,191,460577809
"CF Croix",Frankreich,286,139,458155888
"Union Magdeburg",Deutschland,373,201,457477930
"SV Kalsdorf",Österreich,175,130,457426490
"Tottenham Rooster",England,376,177,457065357
"SSV Napoli",Italien,325,164,456609308
"Norwich Soccer",England,298,133,456334040
"Burton United",England,241,115,455550832
"Sportfreunde Spielberg",Deutschland,306,135,455362936
"SSV Hoffenheim",Deutschland,313,133,455291113
"SC Fiorentina",Italien,224,108,455109251
"Macclesfield Roses",England,305,157,454625472
"ASS Frascati Rom",Italien,236,110,453768815
"RPF Kaiserslautern",Deutschland,318,137,453197534
"Accrington Albion",England,162,124,452697046
"JSV Göttingen 1908",Deutschland,285,125,450965227
"FK Leverkusen",Deutschland,337,120,449240938
"ALS Auxerre",Frankreich,336,157,448952817
"Arsenal Mansfield",England,169,154,448580931
"Inter Eichstätt",Deutschland,233,152,448162344
"GdL Leipzig",Deutschland,234,100,446051496
"KFV Rijeka",Kroatien,253,139,445015556
"SSC Gillingham 1898",England,156,113,444988145
"Crawley Sports",England,279,191,439200135
"Birmingham Villans",England,230,100,437625150
"LB Bonfica",Portugal,310,146,436537594
"Wattenscheider Kickers",Deutschland,235,131,435468093
"Lukumotiva Moskva",Russland,301,111,434723767
"FSV Stuttgart",Deutschland,309,101,433838369
"SH Hammarby",Schweden,258,127,433375043
"BW Sandhausen",Deutschland,215,113,432716856
"Rouge Stern Paris",Frankreich,185,98,432692942
"FN Rotterdam",Niederlande,276,116,431997429
"Rot-Blau Bonn",Deutschland,228,119,431754535
"HSC Hamburg",Deutschland,348,153,431252790
"Welsh Wrexham",England,151,135,430862864
"KF Dunajská 1905",Slowakei,180,138,429661384
"ASC Dakari",Lettland,259,129,429517754
"Wigan Dynamic",England,226,147,428994443
"Walsall City",England,231,115,425058362
"Sportowy Sosnowiec",Polen,164,82,423674200
"FC Peairt 1885",Schottland,231,162,423166851
"Union St. Gallen",Schweiz,186,125,423070544
"Lohfelder FC",Deutschland,317,164,422529782
"SV Basel",Schweiz,257,138,422101446
"Huddersfield Sports",England,187,119,421683019
"Žaugija Vilnius",Litauen,344,178,421670513
"Olimpios Piräus",Griechenland,293,149,421082514
"Uerdinger FSK",Deutschland,280,164,420374930
"SC Wecker Innsbruck",Österreich,256,122,419546867
"Draak Hertogenbosch",Niederlande,210,104,417858287
"Slavia Domžale",Slowenien,255,151,416646577
"Elektro Cottbus",Deutschland,257,154,416313885
"AS Wasquehal",Frankreich,222,128,415686997
"Leyton London",England,325,167,415306462
"SK Auster Lustenau",Österreich,226,142,414105146
"FCB Aubstadt",Deutschland,195,132,411911096
"LOK Sarajevo","Bosnien und Herzegowina",266,160,408975335
"Brechin Town",Schottland,234,144,408815330
"TuS Darmstadt",Deutschland,241,158,406380823
"BSC Grohn",Deutschland,192,116,405344226
"Krayer Kumpels",Deutschland,258,116,403160175
"KB Sarıyer",Türkei,152,120,402972204
"CFC Barcelona",Spanien,346,131,402157631
"Leipziger SV",Deutschland,274,92,402066068
"Leicester Town",England,229,135,401780356
"FV Budapest",Ungarn,238,132,401109335
"SC St. Southampton",England,281,151,398216785
"Wallis Sion 08",Schweiz,226,137,398120260
"Derry United",Irland,291,177,396184568
"Sonnenhof Schönberg",Deutschland,181,112,395971410
"FK Baden Heiligenkreuz",Österreich,179,88,394899706
"SKK Hamburg",Deutschland,163,95,394652729
"Stalybridge Workers",England,208,134,393154145
"Northampton Cobs",England,326,129,391719031
"1. FC Neckarelz",Deutschland,182,106,390692428
"Sportiv Voluntari",Rumänien,154,147,388870389
"Augsburger SV",Deutschland,225,129,386765211
"IK Ängelholm",Schweden,120,112,385948612
"VfB Pyrbaum",Deutschland,147,101,384763705
"Sunderland City",England,187,120,383580567
"SFV Plauen",Deutschland,193,132,381417536
"Esportiva Covilhã",Portugal,139,133,379327747
"Slagelse SL",Dänemark,290,164,378206158
"Holstein Flensburg",Deutschland,326,173,377331747
"FKA Wacker Mödling",Österreich,249,161,375703004
"Blackpool Sea",England,213,114,375572975
"FK Eindhoven City",Niederlande,209,79,372883188
"FAC Wolfsberg",Österreich,294,100,372744162
"Union Rosenheim",Deutschland,167,112,372381812
"SSC Pirmasens",Deutschland,162,117,372082216
"SK Eugendorf",Österreich,213,129,371615418
"Maidenhead Doves",England,251,123,370460593
"Stal Kharkiv",Ukraine,208,119,370074252
"Naproijed Sisak",Kroatien,244,145,369356830
"Þráttótur Reykjavík",Island,215,141,369294791
"Pfalz Weiden",Deutschland,209,134,368643028
"Intra Mailand",Italien,366,116,368519186
"Ipswich Boys",England,234,126,368255117
"Cardinal Woking",England,246,159,366830363
"SD Amorebieta",Spanien,305,111,366132308
"VfL Altenholz",Deutschland,259,124,364920107
"KF Göteborg",Schweden,168,118,364554161
"Sportowy Tosno",Russland,158,150,364105068
"Forrest Bradford",England,156,99,363683904
"Sporting St. Truiden",Belgien,171,97,363607732
"Feniks Lovech",Bulgarien,134,128,363041747
"SSC Montpellier",Frankreich,225,100,362302047
"Dinamyt Minsk",Weißrussland,203,127,361393614
"SpVgg Hauenstein",Deutschland,210,93,361334594
"Wimbledon Soccer",England,181,92,360728354
"Inter Chiasso",Schweiz,148,139,360708991
"FK Ghastan 1925",Finnland,109,101,360099798
"Zmajevi Voždovac",Serbien,242,149,359390248
"Saarbrückener SC",Deutschland,242,133,358413729
"RPFV Worms",Deutschland,165,124,357826288
"SC Kogge Rostock",Deutschland,243,119,356880586
"Stuttgarter Schützen",Deutschland,242,107,356825566
"KS Leftra Gjirokastër",Albanien,167,158,356668988
"FK Ajaccio",Frankreich,222,96,355777533
"Glückauf Köln 1950",Deutschland,189,102,355676208
"Sporting Oliveira",Portugal,159,132,353601134
"Könizer SK",Schweiz,294,129,353085145
"NL Coatbridge Rovers",Schottland,187,155,352988804
"CS Villareal",Spanien,242,136,352880173
"Wehener SC",Deutschland,219,104,352734983
"Bolton Nomads",England,191,127,352329843
"RB Fischeln",Deutschland,199,142,352214960
"FFC Malchow",Deutschland,242,65,351853289
"Sliema Nomads",Malta,209,147,351024251
"HSV Concorde",Deutschland,259,128,349678219
"Peterhead United",Schottland,124,116,349107805
"Indre Châteauroux",Frankreich,160,150,348261086
"Ejderi Kayseri",Türkei,141,134,346693242
"Olympia Berlin",Deutschland,282,143,346564452
"RCD San Sebastián",Spanien,164,99,346369960
"Speertak Praha",Tschechien,199,87,346230150
"Juventus Dogana",San Marino,135,129,344924772
"ASS Troyes",Frankreich,147,116,344405460
"Aluminium Aachen",Deutschland,181,87,343877798
"Dynamit Zagreb",Kroatien,193,123,343662365
"OS St.-Étienne",Frankreich,128,86,343632373
"Germania Cloppenburg",Deutschland,243,141,342351168
"Sportiva Tondela",Portugal,125,117,342059211
"Sempedoria Genua",Italien,180,124,342053021
"CP London Eagles",England,261,119,339666285
"UCKA Moskva",Russland,282,147,339515805
"Rudar Kerkrade",Niederlande,266,78,339505354
"Leuven Duivels",Belgien,141,133,338751296
"Cork United",Irland,274,139,338500767
"Italia Santarcangelo",Italien,157,125,337513730
"Vedeaux Luçon",Frankreich,173,151,337368435
"Leeds Athletic",England,225,119,335686403
"Victória Estoril",Portugal,291,134,335634039
"Borussia Wegberg",Deutschland,336,151,335514001
"Olympia Marseille",Frankreich,181,73,335407860
"ARAL Baku",Aserbaidschan,124,114,334781411
"Rot-Weiß Ingolstadt",Deutschland,232,134,333722312
"FC Anker Perm",Russland,214,131,333342578
"Inverness City",Schottland,174,98,331856756
"VC Unión Llevante",Spanien,180,136,331155307
"Väsby Soccer",Schweden,205,137,330393443
"Tähti Tampere",Finnland,181,125,330267606
"Dundalk Soccer",Irland,285,136,329892972
"JK Tallinn",Estland,311,152,329066243
"SAK Akureyri",Island,250,142,328691867
"AC Palermo ",Italien,253,114,328068843
"Zavrč FK",Slowenien,113,105,324668801
"Fortuna Heidenheim",Deutschland,205,112,323444801
"Gosport Rebells",England,175,134,322698218
"Duna Paksi",Ungarn,160,108,322331809
"Dover County",England,173,111,321276239
"IFF Sterbæk",Norwegen,237,135,320908097
"HOM Edinburgh",Schottland,176,122,319539841
"ISF Ålesund",Norwegen,211,134,319207210
"Fáaðfara Reykjavík ",Island,229,147,318836499
"TuS Meerbusch 65",Deutschland,196,138,318473039
"Cáceres Extremadura",Spanien,120,112,318390829
"Fiskeri Esbjerg",Dänemark,184,85,317021981
"WFK Paderborn",Deutschland,224,76,316894514
"Dagenham Athletic",England,128,116,315927849
"SAK Solna",Schweden,153,115,315770399
"AC Avranches",Frankreich,141,116,315691939
"Eendracht Petegem",Belgien,108,101,315634242
"Signdal FK",Norwegen,154,146,315438409
"Union Bellinzago CF",Italien,139,132,315229432
"FK Aberdeen 1904",Schottland,265,113,315136442
"AS Le Havre",Frankreich,147,115,314952289
Karşıyakspor,Türkei,157,148,314905709
"Soccer Burreli",Albanien,118,110,314296516
"SHV Passau",Deutschland,192,121,313603088
"PCC Chieri",Italien,155,147,313568114
"Solyaransk Moskva",Russland,135,125,313498877
"Birku Konya",Türkei,114,101,312593055
"Rader Skopje",Mazedonien,217,146,311355343
"FVV Hamburg",Deutschland,284,140,311192534
"Tvøroyri BF",Färöer,223,119,311041493
"FKS Bratislava",Slowakei,241,137,310851606
"Dunawska Razgrad",Bulgarien,139,131,310786561
"Leeuw Brakel",Belgien,159,151,309786049
"BSV Auerbach",Deutschland,245,130,309701570
"Thessaly Trikala",Griechenland,102,95,309236898
"Racing SC Liège",Belgien,149,135,307901102
"Telford Midland",England,179,69,307726313
"Sori Lugansk",Ukraine,196,113,307258556
"Rädan Baku",Aserbaidschan,119,112,306960952
"SSC Cesena",Italien,139,130,306689262
"ASS Dundee",Schottland,280,127,306681128
"Primorje Vladivostok",Russland,127,116,306657799
"Canarinhos Bragança",Portugal,133,126,306653032
"Rangers IF",Dänemark,84,76,306621384
"Grimsby Cleethes",England,141,128,306390861
"OL Våluronga",Norwegen,192,110,305778965
"SP Palma de Inca",Spanien,170,159,305412643
"HB Edinburgh",Schottland,222,148,304869038
"Army Fleetwood",England,209,120,303897568
"Mannsdorfer FC",Österreich,128,121,303657047
"SSC Erfurt",Deutschland,308,94,303603944
"Union Garching",Deutschland,190,125,303577107
"Doncaster Knights",England,141,93,303459673
"Nogomet Split",Kroatien,183,130,303230342
Bündımaspor,Türkei,141,127,303034882
"Atlantika Klaipėda",Litauen,100,92,302862768
"Xäver Länkärän",Aserbaidschan,190,111,302550743
"Sportiva Montegiardino",San Marino,118,111,302294084
"FK Hoppa Steyr",Österreich,170,108,301855587
"Manchester Revolution",England,188,133,301766443
"1. FK Vienna 1895",Österreich,140,117,301469593
"Unión Tudelano",Spanien,131,120,301382850
"Union Schilksee",Deutschland,201,139,301164423
"TSV Amberg 1985",Deutschland,212,139,300580466
"AF Bray",Irland,126,120,300222071
"Esportivo Logro̱̩s",Spanien,116,100,300217406
"Blau-Gelb Jena",Deutschland,194,107,299478663
"Eteenpäin Valkeakoski",Finnland,185,106,298843351
"Zaskia Gdańsk",Polen,108,100,298601781
"Petrol Wolfsburg",Deutschland,236,140,298474812
"AK Istočno 1909","Bosnien und Herzegowina",159,151,298211913
"Maccabi SC TA",Israel,118,110,297910083
"Teplice CF",Tschechien,136,109,297861941
"QIF Göteborg",Schweden,121,114,297813078
"Vonat Debrecen",Ungarn,148,125,297218113
"Linzer AK",Österreich,209,134,297100181
"RCD Numancia",Spanien,206,119,296479171
"Sportive Tours",Frankreich,149,140,296432536
"Metallica Skopje",Mazedonien,125,117,296231151
"FK Dunfermline",Schottland,185,125,296136034
"ES Alcoy",Spanien,129,103,295816713
"SK Utrecht",Niederlande,206,116,295532588
"US Lyon 1965",Frankreich,166,111,294587749
"Mantova Calcio",Italien,138,131,294425371
"Vhoru Oleksandrija ",Ukraine,152,144,293896147
"KOZ Werkendam",Niederlande,156,147,293857003
"FC Galway",Irland,141,87,292935542
"Partizan 1945 FK",Serbien,137,129,292745380
"Lippstadter FC",Deutschland,195,94,292239480
"SHFV Todesfelde",Deutschland,159,92,292177022
"Szeged FC",Ungarn,156,148,292014513
"Union Zulte Waregem",Belgien,142,63,291781837
"ASK Eindhoven",Niederlande,268,104,291301294
"KF Eagles Blagoevgrad ",Bulgarien,150,104,291164566
"Kriminalno Split",Kroatien,189,157,290949438
"Rhône Chasselay",Frankreich,130,112,290635041
"STG Sannois Foot",Frankreich,232,151,290334661
"1. FK Bockenheim",Deutschland,146,84,289916451
"Arbroath Soccer",Schottland,164,122,289657799
"FK Nancy",Frankreich,167,139,289620625
"Unión Mafra",Portugal,158,151,288463855
"ASS Gibraltar",Gibraltar,202,148,288055741
"AS Jerez",Spanien,160,92,287869271
"SSL Ancona",Italien,160,151,287554124
"Sportivo Leiria",Portugal,100,92,287488380
"Clonmel Town",Irland,143,135,287335309
"JK Linname",Estland,135,128,287276164
"Haffa FC",Israel,103,95,286683847
"Iris Saloniki",Griechenland,161,155,286618537
"AFC Milton Keynes 05",England,143,118,286074050
"BK Getxo",Spanien,127,116,286004986
"Eintracht Hadamar",Deutschland,158,146,285705967
"Sportivo Trapani",Italien,121,90,285069949
"Oblast Astrakhan",Russland,137,130,284985788
"Udinese CF",Italien,126,114,284569468
"SSV Olginatese",Italien,118,110,284433358
"Burnley Clarets",England,130,96,284329200
"ASK Petrovac",Montenegro,118,111,284047288
"Sporting Boavista",Portugal,125,112,283187024
"SSC Altach",Österreich,176,131,283148074
"Roskilde Island",Dänemark,137,113,282354325
"Vorvaard Haugesund",Norwegen,120,113,282256859
"GIF Kalmar",Schweden,196,118,281270423
"Ratinger SC 1905",Deutschland,233,123,280972592
"RCD Sinarcas",Spanien,166,160,280929173
"AFK Amstetten",Österreich,179,149,280752538
"Parathanikaos Athen",Griechenland,215,127,280684778
"CDO Dijon",Frankreich,135,120,280679483
"SCP Tenisca",Spanien,94,73,280656831
"Reading Kings",England,145,124,280272420
"FKS Puławy",Polen,164,155,279910364
"Rot-Weiß Regensburg",Deutschland,188,79,279655882
"Opava FV",Tschechien,119,112,279211324
"SK FC Leva",Estland,118,111,278844945
"Juventus Bern",Schweiz,183,108,278434826
"Eintracht Osnabrück",Deutschland,165,81,278286884
"Haifa SC",Israel,142,107,278036998
"PF Orienta Varna",Bulgarien,283,144,277847304
"Preußen Schweinfurt",Deutschland,165,58,277697444
"VfB Elversberg",Deutschland,159,105,277395597
"Viktoria Sittard",Niederlande,192,124,277100153
"FV Schalke 1905",Deutschland,331,114,277056768
"AOL Satu Mare",Rumänien,122,116,276940906
"Royal Jaén",Spanien,118,110,275268615
"FC Sabur",Georgien,159,108,275164388
"FSI Novosibirsk",Russland,129,121,274682579
"SA Nantes",Frankreich,108,100,274344365
"Gimnastico Baleares",Spanien,160,151,273808554
"Muntenia Călărași",Rumänien,164,157,273688732
"FA Fuglafjørður",Färöer,120,112,273640657
"SSC Leeuwarden",Niederlande,170,118,273552308
"Inter Olbia",Italien,130,122,272558506
"MVV Neustrelitz",Deutschland,117,66,272115088
"FK Ioannina",Griechenland,183,103,271807518
"KOF Oslo",Norwegen,100,92,271467028
"Sportivo Cuneo",Italien,120,114,271462275
"VVC Brugge",Belgien,199,116,271344878
"Esportivo La Coruña",Spanien,210,144,271200696
"ASK Ehegnadzor",Armenien,140,131,271135165
"RV Bocholt 22",Belgien,106,98,270900564
"Županija Vinkovci",Kroatien,138,131,270017035
"Dynamit Berlin CF",Deutschland,168,82,269436086
"Inter Wexford",Irland,202,155,269262448
"SSC Oldenburg",Deutschland,304,158,268321424
"FC Aalborg",Dänemark,202,102,267943834
"Alf Sandnes 1913",Norwegen,120,114,267394518
"FKS Liefering",Österreich,250,144,267011864
"Sporting Genk",Belgien,211,105,266903859
"SWK Khabarosvk",Russland,139,131,266898232
"VS Acquaviva",San Marino,119,110,266757977
"Alğa Atyrau ",Kasachstan,102,95,266104849
"KS Chojnice 35",Polen,143,136,265692443
"Lomb Lumezzane",Italien,123,115,265687214
"OLFK Bischofswerda",Deutschland,158,117,265484989
"FC Zagreb",Kroatien,172,114,265024872
"Zakarpatti Uzhgorod",Ukraine,149,141,264649137
"SSV Frankfurt 1897",Deutschland,144,84,264145911
"SK Vertikal Turnovo",Mazedonien,144,136,263617262
"FK Novi Zagreb",Kroatien,161,140,263612624
"Jedi Belfast",Nordirland,176,151,263529626
"SCC Târgovişte",Rumänien,103,95,263510420
"ACS Middlesbrough",England,128,104,263205531
"Old Boys Antwerpen",Belgien,183,136,263057718
"AFC Hemel",England,190,74,262862682
"Holstein Steinburg",Deutschland,213,136,262747217
"SL Béziers",Frankreich,113,105,262604906
"Norté Fafa",Portugal,108,101,262596178
"Kupaz Ganja",Aserbaidschan,119,112,262455961
"BK Rusenborg",Norwegen,228,149,262417553
"FV Radan Kotor",Montenegro,130,122,262061186
"Sheffield Oils",England,194,130,261989468
"FK Ried",Österreich,166,98,261951672
"AFK Osijek",Kroatien,129,60,261912656
"FC Ballinamallard",Nordirland,141,133,261842856
"Jahn Wiedenbrück",Deutschland,180,113,261430158
"Moravica Lučani",Serbien,126,116,261042579
"SKK Illertissen",Deutschland,160,81,260985621
"Stevenage Deers",England,138,130,260780190
"Glovester Town",England,109,98,259859388
"Scuderia Benedetto",Italien,162,154,259710363
"VBC Kortrijk",Belgien,147,138,259340238
"Manchester Bury",England,164,142,259324723
"IFK Malmö",Schweden,242,113,259203095
"Žuti Visoko","Bosnien und Herzegowina",143,137,259026030
"Uskeris Utena",Litauen,273,161,258654141
"Sportiva Matelica",Italien,76,70,258182763
"Előre Szombathely",Ungarn,169,141,258168809
"Union Verl",Deutschland,155,85,258090079
"Srednjo Vitez","Bosnien und Herzegowina",100,92,257938502
"Glacia SC",Gibraltar,110,102,257470505
"Algarve Olhão",Portugal,123,116,257166937
"FC Shmuk",Israel,114,106,256726014
"IFF Örebro",Schweden,179,130,256565290
"Osman Ankara",Türkei,170,88,256231475
"TSV Zell am See",Österreich,106,93,256076823
"SSC Mosta",Malta,227,153,255868586
"KF Novorosskiysk",Russland,139,132,255758831
"FK Tarxien",Malta,143,132,255660848
"SW Bocholt",Deutschland,210,92,255603669
"Slugia Warszawa",Polen,176,111,255537687
"Belediye Aydin",Türkei,99,91,255194346
"IF Brand Bergen",Norwegen,195,155,255153878
"Birmingham Town",England,184,123,254342552
"Harrogate Union",England,105,98,254068422
"Voša Novi Sad",Serbien,96,89,253853659
"LF Thisted",Dänemark,148,93,253681034
"Breda FC",Niederlande,150,125,253338632
"East Ham London",England,224,103,253087250
"FF Sollenau 1905",Österreich,161,77,252926176
"Cabinteely United",Irland,122,114,252838628
"Clarrtonville CF",Nordirland,143,136,252832884
"AFK Svätý Jur",Slowakei,123,116,252768175
"Sportivo Sabadell",Spanien,169,153,252595369
"Baschko Ufa",Russland,182,101,252482012
"Veržej SC",Slowenien,162,156,252339946
"Lappi Rovaniemi",Finnland,271,152,251894563
Kacabuksport,Türkei,123,115,250540400
"Jylland Herning",Dänemark,118,112,249842550
"Uni Craiova",Rumänien,131,100,249837424
"Taurul Chișinău",Moldawien,117,109,249355877
"Toscana Pisa",Italien,118,109,249251078
"US Mallorca",Spanien,203,90,249240000
"FC Miranda",Spanien,154,116,249168646
"IF Ranheim",Norwegen,157,150,249078725
"Þùllíá Akureyri",Island,120,113,248842191
"Olga Samara",Russland,121,113,248153556
"IHS Käpylä",Finnland,137,131,248003201
"AS Caronno-Pertusella",Italien,156,147,247969382
"KF Haldenkvìk",Norwegen,184,118,247740923
"Ultra Dvor KF",Mazedonien,122,114,247647998
"FK Oulu",Finnland,135,127,247606369
"Zmajevi Gradačac","Bosnien und Herzegowina",119,113,247562015
"CS Algeciras",Spanien,141,133,247533003
"SC Livorno",Italien,110,102,247288233
"Stormbars FK",Litauen,151,143,246899135
"SSK Lankowitz",Österreich,213,125,246780046
"Fortuna Dudelange",Luxemburg,150,125,246381308
"KS Sarpsborg 07",Norwegen,150,143,246104661
"Ethnokos Evosmos",Griechenland,118,110,245978139
"FC Belém",Portugal,97,88,245818095
"Záhorie Skalica",Slowakei,154,117,245817643
"FC Aarhus 1879",Dänemark,95,85,245755486
"Sportivo Reggio",Italien,138,130,245724231
"FK Schwechat 1899",Österreich,128,120,245675270
"Lazwáj Katowice",Polen,139,131,245556730
"AS Teruel",Spanien,162,154,245116847
"Robot Skopje",Mazedonien,142,133,245086920
"FC Shijak",Albanien,151,101,245084850
"AQ Fréjus-St.Raphaël",Frankreich,158,119,244738532
"Sverige Trelleborg",Schweden,127,118,244471566
"KS Adanaspur",Türkei,148,123,244306895
"Banja Luka CF","Bosnien und Herzegowina",124,116,243898829
"Falkirk United",Schottland,147,97,243418715
"Ariana Limassol",Zypern,215,115,243226421
"TSK Ivanovo",Russland,134,127,242814334
"SK Sokolov",Tschechien,152,146,242484457
"KF Bosna Kakanj","Bosnien und Herzegowina",151,128,241967532
"Karpaky Wola",Polen,115,109,241857340
"Tineret Mioveni",Rumänien,98,91,241548746
"TUS Leoben",Österreich,124,113,240953745
"FC Halle a.d.Saale",Deutschland,141,78,240902367
"HS Lyngby",Dänemark,120,111,240789852
"Cardiff Dragons",England,176,113,240316817
"SK Skive 1902",Dänemark,157,138,240201361
"Almere Town",Niederlande,95,86,240120130
"KV Kratovo",Mazedonien,101,93,239961153
"Gunçlorbirleği AK",Türkei,152,106,239853418
"Wunstorfer SV",Deutschland,183,112,239454698
"DC Drumcondra",Irland,128,113,238636027
"Anadolu Sivas",Türkei,130,106,238606665
"SU Leganés",Spanien,186,149,238416535
"Vamos Vallecanos",Spanien,145,106,238166710
"SC Nei Tel-Aviv",Israel,123,107,238073282
"ICE Zagreb",Kroatien,91,83,238000920
"FTA Porvoo",Finnland,144,138,236955579
"Barnsley UK",England,114,95,236389884
"US Jessheim",Norwegen,94,86,235928911
"FK Limassol",Zypern,104,96,235897700
"Radar Pljevlja",Montenegro,145,137,235786558
"KFK Kisvárda",Ungarn,144,135,235779671
"OL Grudziądz",Polen,135,128,235647678
"Anjel Trnava",Slowakei,169,135,234623002
"Hansa Sudelbe",Deutschland,115,85,234597455
"Sportowy Khimki",Russland,138,128,234594957
"Ružomberok FC",Slowakei,110,102,234427886
"Alamat Yerevan",Armenien,112,106,234188122
"Sportivo Bilbao",Spanien,200,123,234101569
"Rotherham County",England,325,150,233727225
"Acresse FC",Israel,68,60,233432078
"EXZ Rotterdam",Niederlande,104,96,233384896
"SK Mjøndolen",Norwegen,118,110,233099466
"Zelen Banovići KF","Bosnien und Herzegowina",112,104,232947582
"Hellas Sundbyberg",Schweden,141,135,232936972
"Vendée Les Herbiers",Frankreich,154,134,232911003
"Fiatalok Felcsút AC",Ungarn,138,131,232700402
"Fótbolti Fjarðabyggð",Island,137,91,232440660
"Bristol Sport",England,160,143,232163639
"Real Huesca",Spanien,104,91,232011510
"Depur San Fernando",Spanien,111,104,231929493
"CS Lanzarote",Spanien,148,80,231641405
"Inter Brno",Tschechien,69,61,231475317
"Siluro Grosseto",Italien,145,137,231068377
"SC Ballymena",Nordirland,140,132,231062773
"FC Foggia",Italien,158,138,230991414
"SFC Krasnoyarsk",Russland,158,147,230958912
"Typá Tyumen",Russland,164,151,230919080
"EF Deinze",Belgien,142,102,230792849
"FK Olomouc",Tschechien,114,107,230392376
"KS Besëlithia Lezhë",Albanien,97,89,230039324
"VfL Steinbach",Deutschland,192,121,229871241
"Uzhi Makhachkala",Russland,116,108,229713785
"IF Finnsnes 23",Norwegen,115,108,229524195
"FC Kurait Almaty",Kasachstan,120,106,229451320
"Segregrcy Suwałki",Polen,118,110,229406957
"VK Norðragøta",Färöer,128,120,229301139
"Sardigna Nuorese",Italien,201,177,229281368
"SC Dachau",Deutschland,192,107,229250838
"GKS Szczecin",Polen,182,118,229096004
"Sportfreunde VK Köln",Deutschland,137,86,228988854
"VC St.-Gilloise Vorst",Belgien,128,120,228927276
"NL Barendrecht",Niederlande,137,120,228900170
"Intra Pula 1948",Kroatien,187,123,228810645
"Toten Raufoss",Norwegen,97,89,228574086
"Munster Limerick",Irland,121,100,228514016
"Corby Athletic",England,209,87,228131629
"Parisien FK",Frankreich,103,86,228032540
"BH Oradea",Rumänien,112,105,227993270
"KS Busu Velipojë",Albanien,153,94,227957887
"Diano FC",Lettland,139,131,227761601
"Athletico Guimarães",Portugal,135,112,227702005
"AS Boulonnais",Frankreich,200,109,227670975
"SpVgg Kassel",Deutschland,146,78,227277710
"Blackburn Roses",England,136,109,227085350
"Eastbourne Union",England,83,75,226957277
"Olimpico Estarreja",Portugal,118,109,226008038
"London`s Park Rangers",England,164,142,225781023
"LMS Lausanne 1943",Schweiz,123,107,225609571
"Desportivo Funchal",Portugal,143,118,224808779
"Vercelli Calcio",Italien,180,141,224574473
"FK Mezdra",Bulgarien,101,94,224529256
"Royaal Anderlecht",Belgien,173,116,224445443
"Unio Fano 1907",Italien,116,109,224312949
"Torquay Kickers",England,123,116,224141802
"Vidi Székesfehérvár",Ungarn,103,92,224084126
"Juve Francavilla",Italien,124,116,224007580
"Thuner SC",Schweiz,169,117,223775293
"St. Portadown 25",Nordirland,137,130,223502723
"AEK Elefsina",Griechenland,118,110,223211899
"Unión Elda",Spanien,96,87,222936380
"Preußen Unterföhring",Deutschland,157,108,222829384
"Guijuelo CF",Spanien,119,109,222822201
"Sutton Athletic",England,135,127,222790005
"Balzan United",Malta,140,132,222118447
"WB Sterren",Belgien,116,109,222072278
"KV Wohlen",Schweiz,166,122,221862962
"Genua Calcio",Italien,150,103,221750427
"GAS Ajaccio",Frankreich,130,121,221604126
"KF Sezimovo Ústí",Tschechien,167,159,221453249
"Śląskie Bielsko-Biała",Polen,121,77,221351870
"Dilara Gor FC",Georgien,96,89,220724511
"KF Široki Brijeg 1948","Bosnien und Herzegowina",196,114,220672767
"Union Crewe",England,102,90,220638085
"Bær Sandvika",Norwegen,91,83,220620641
"SS St. Martina Franca",Italien,81,73,219875880
"Stadt Brest 39",Frankreich,100,92,219395889
"Unión Toledo",Spanien,145,129,219210060
"Nissan Halmstad",Schweden,123,115,219209809
"Unione Pescara",Italien,123,115,219139270
"USJ Kotka",Finnland,99,92,219109890
"FK Lillestrøm",Norwegen,122,92,218609099
"Eintracht Luckenwalde",Deutschland,90,66,218571449
"FV Trabzonhir",Türkei,128,64,217793587
"Longford City",Irland,157,119,217782956
"Weisheł Płock",Polen,154,144,217612500
"Pobizhno Poltawa",Ukraine,134,123,217459616
"Alliance Bradford",England,122,104,217411421
"SH Eastleigh",England,143,130,217188964
"SSC Heimstetten",Deutschland,127,91,217062054
"Lašva Travnik","Bosnien und Herzegowina",115,107,217058674
"Eintracht Fürstenwalde",Deutschland,115,80,217056765
"Esportiva Ponferrada",Spanien,111,104,216809906
"QSFC Dumfries",Schottland,232,159,216658569
"Zelena Stara Sagora",Bulgarien,119,111,216586188
"KF Tărlungeni",Rumänien,113,106,216448494
"KF Bacău",Rumänien,117,110,215833767
"PJ Tukru 1923",Finnland,100,92,215578374
"Campania Benevento",Italien,108,100,214962395
"Sporting Wil",Schweiz,139,125,214740055
"KF Rila Razlog",Bulgarien,135,127,214695965
"SS Carrara",Italien,140,132,214374762
"Sunny Lowestoft",England,143,126,214304103
"Zaan Alkmaar",Niederlande,176,102,214144797
"FK Birkirkara 1952",Malta,133,111,214112321
"KV Aschtarak",Armenien,123,117,213727964
"TSF Larvik",Norwegen,124,117,213220674
"Shumbrock Wanderers",Irland,112,99,213163494
"Torpdeo Slutsk",Weißrussland,95,87,212481787
"VIK Helsinki",Finnland,122,85,212439707
"Uyum Adana",Türkei,105,99,212301397
"FSC Großes Aspach",Deutschland,78,49,212084527
"FC Den Haag",Niederlande,109,95,212003753
"RC Socuéllamos",Spanien,145,135,211871065
"Dalälven Borlänge",Schweden,115,107,211769052
"AC Alessandria",Italien,158,151,211478234
"NN Tromsø",Norwegen,186,138,211376724
"Dukla Příbram",Tschechien,121,113,211068818
"BD Hønefoss",Norwegen,145,138,210991527
"ST Bozen 1996",Italien,101,93,210984004
"SC Džepčište 05",Mazedonien,99,91,210950267
"FC Caen",Frankreich,134,109,210806154
"Anastasiou Karditsa",Griechenland,136,128,210792641
"AS Vicenza",Italien,129,117,210723371
"Lok Trnje",Kroatien,127,117,210293746
"FK Pirin Simitli",Bulgarien,126,118,210215414
"Emilia Bologna",Italien,109,65,210201822
"FV Badalona",Spanien,122,111,210173341
"FK Cham",Schweiz,159,83,210093612
"FV Cavese Calcio",Italien,135,125,210067118
"Spartak Nizhnekamsk",Russland,154,147,209821836
"NK Sarajevo","Bosnien und Herzegowina",137,128,209704146
"Lincool FC",Gibraltar,184,129,209564317
"Sportivo Alaves",Spanien,138,83,209491979
"Intra Pordenone",Italien,144,136,209440499
"Høgesund FC",Norwegen,142,131,209386698
"DAX Silkeborg",Dänemark,93,77,209299925
"Intra Avellino",Italien,105,97,209296533
"Amsterdam Soccer",Niederlande,169,137,209062132
"BK Djurgårdens",Schweden,163,117,209057215
"SSK Šiauliai",Litauen,130,123,208864499
"Dynamit București",Rumänien,129,105,208793149
"UD Espania Barcelona",Spanien,204,140,208788684
"Greenock AFK",Schottland,117,108,208704771
"Tiflis SC",Georgien,142,134,208381394
"Atletický Báhoň",Slowakei,99,91,208281298
"Union Aplerbeck",Deutschland,143,99,207974113
"AS Ribelle Ravenna",Italien,138,130,207937227
"Whitehawk Eagles",England,132,126,207726913
"FC Panda Târgu Jiu",Rumänien,104,96,206884507
"FK Viborg",Dänemark,126,116,206866761
Kayserikulübü,Türkei,163,98,206845546
"RV Cumbernauld",Schottland,140,133,206809181
"FC Næstved",Dänemark,124,115,206765119
"FK Storm Graz ",Österreich,184,124,206472959
"SML Nyköping",Schweden,101,93,206421708
"Canarias Santa Cruz",Spanien,118,110,206406059
"Royal Oviedo",Spanien,166,128,206155273
"NK Niš",Serbien,117,110,205996843
"FK Rio do Conde",Portugal,131,74,205989967
"Mazowieckie Ząbki",Polen,99,92,205961984
"KS Kavajë",Albanien,133,125,205911839
"KV Tra Fiora",San Marino,123,116,205822680
"Olympia Lyon",Frankreich,146,112,205792099
"Ferriby Fighter",England,100,89,205454613
"Gimnastico Astorga",Spanien,109,101,205282289
"SK Varberg",Schweden,128,121,205139214
"FK Gävle",Schweden,116,93,204987706
"FVB Larnaka",Zypern,168,81,204982901
"Darkia Chișinău",Moldawien,136,129,204651455
"Vlok Plovdiv",Bulgarien,101,92,204638831
"West Bromwich United",England,194,134,204330758
"Uni Søborg",Dänemark,132,124,204267651
"Tuzi FV",Montenegro,102,95,203938159
"Olympique Dioa",Lettland,118,111,203665538
"Sport Örebro",Schweden,119,111,203658256
"Zinter Golubovci",Montenegro,103,95,203575169
"Zenita Kranj",Slowenien,121,113,202924649
"Krško CFC",Slowenien,114,107,202891598
"EV Córdoba",Spanien,117,110,202707528
"KV Lions",Gibraltar,124,117,202559286
"Gharabagh Ağdam",Aserbaidschan,152,120,202174528
"Victoria Hartlepool",England,181,114,201413078
"Cnopty Taraz",Kasachstan,54,46,201347460
"Dynamit Kiew",Ukraine,157,97,201237405
"FC Petite Mbour",Lettland,140,132,201016247
Kocaelispor,Türkei,147,138,200690067
"Axalupa Rom",Italien,99,86,200487812
"Cambridge Town",England,90,51,200356399
"WBV Reutlingen",Deutschland,110,80,200271029
"Zemlja Bălți",Moldawien,129,123,199738356
"JK Pärnu",Estland,101,94,199646969
"Herakles Verona",Italien,235,145,199623784
"Røga Egersund",Norwegen,100,92,199572854
"Metal Berceni",Rumänien,133,125,199368290
"AFC Aberystwyth",Wales,125,118,198981476
"Čukarički Belgrad",Serbien,150,142,198834924
"Atlético Gondomar",Portugal,78,70,198831229
"AK Wallern",Österreich,100,92,198651017
"CA Girona",Spanien,124,102,198586181
"Central Vigo",Spanien,181,112,198416266
"GSV Barsinghausen",Deutschland,144,103,198377080
"FF Methil 05",Schottland,127,111,198344401
"FV Bari",Italien,124,81,198203187
"NFK Remchingen",Deutschland,105,58,198200444
"Onoare Buzău",Rumänien,116,108,198162288
"AS Iași",Rumänien,100,92,198156291
"CQ Wanderers",Wales,139,131,198153312
"OFG Nice",Frankreich,160,99,198103953
"IS Norrköping",Schweden,245,101,197852180
"CR Krapina",Kroatien,126,118,197597088
"St. Suðuroy 05",Färöer,119,111,197578748
"KSK Gent",Belgien,262,112,197414554
"KF Bijeljina","Bosnien und Herzegowina",138,131,197304443
"KF Libertatis",San Marino,91,83,197280658
"SV Monopoli Calcio",Italien,120,113,197254255
"UN Luxemburg",Luxemburg,184,121,197125034
"HS Klabi 2005",Finnland,118,110,196909660
Sincanspur,Türkei,129,120,196884132
"AS Metz",Frankreich,92,73,196747974
"FKPG St. Johann ",Österreich,142,134,196705905
"Amor Famagusta",Zypern,87,77,196705695
"KFS Acharnes",Griechenland,150,142,196635644
"Uniona Matera",Italien,142,131,196007152
"Goloboseray FK",Türkei,229,125,195659888
"Nadyavam Dobrich",Bulgarien,91,83,195571919
"Volgar Saratov",Russland,135,108,195097806
"Rapide Lens",Frankreich,102,83,195077498
"FC Angelen",Gibraltar,110,102,195062460
"Mazow Radom",Polen,157,147,194990014
"Juve Makov",Slowakei,116,108,194963800
"Osser FK",Niederlande,164,152,194910346
"Essener TSV",Deutschland,80,49,194805397
"Boston Nomads",England,109,102,194645547
"Pohjanmaa Seinäjocki",Finnland,118,108,194448481
"Torna Budaörs",Ungarn,143,135,194415226
"Karlstad City",Schweden,119,111,193711258
"Pramy Minsk",Weißrussland,199,117,193608746
"SAK Helsinki",Finnland,130,121,193400868
"Olympique Laval",Frankreich,119,111,193193947
"Huvnar Tórshavn",Färöer,94,87,192502839
"NWV Bergisch Gladbach",Deutschland,104,78,192395698
"Juventus Prato",Italien,91,82,192096411
"FVA Hard",Österreich,136,127,191966202
"Sporting Roeselare",Belgien,139,129,191913426
"KV Nazran 92",Russland,110,102,191731704
"Schwarz-Weiß Aalen",Deutschland,147,88,191701568
"Kriti Platanias",Griechenland,101,94,191163960
"KF Welski Sofia",Bulgarien,119,111,190451421
"TuS Nordhausen",Deutschland,136,71,190351732
Apaçilespor,Türkei,66,59,190092475
"Zhkupje CF",Mazedonien,119,111,190062523
"Società Messina",Italien,132,124,190042581
"Sporting Pontisola",Italien,137,131,189930819
"Metalac Surdulica",Serbien,110,102,189744455
"VV Dessel Kings",Belgien,116,108,189656336
"FT Grenoble",Frankreich,157,142,189608294
"Aquilos Campobasso",Italien,95,88,189188307
İstanbulspocht,Türkei,135,126,189056965
"Asınördü İzmir",Türkei,102,93,189007172
Misaniaspocht,Türkei,120,113,188835861
"Beštije Kotor",Montenegro,109,102,188811517
"SA Jura Sued",Frankreich,125,104,188721626
"FK Zlín 1920",Tschechien,135,106,188416858
"Charleroi Zèbre ",Belgien,98,89,188397270
"Oxford Bulls",England,96,79,188211022
"Imker Zaprešić  FK",Kroatien,112,104,188116688
"JKB Mikkeli",Finnland,102,94,187536308
"Academic Dublin",Irland,114,101,187449357
"FK VäxjÖ 1931",Schweden,117,110,186875804
"Baia Mare CF",Rumänien,205,105,186714209
"FV Molde",Norwegen,143,119,186551321
"Gaz Pskov",Russland,152,116,186470484
"Sport Umeå",Schweden,133,125,186338091
"Tirreno Viareggio",Italien,72,60,186321763
"Swansea Town",England,175,102,186131343
"Íþróttir Hafnarfjörður",Island,185,146,186086718
"KKS Jyväskylä",Finnland,98,91,185956919
"Dinamo Šibenik",Kroatien,107,99,185876316
"Boćnust Podgorica",Montenegro,181,131,185593758
"Lanesra Tula",Russland,120,112,185159154
"FKP Timișoara",Rumänien,133,125,184943210
"Athlitikó Serres",Griechenland,127,119,184686309
Hecattespur,Türkei,121,113,184616176
"FC Oriént",Portugal,157,149,184588026
"SB Lorient",Frankreich,106,98,184372855
"SFC Torino",Italien,96,81,184205856
"Bólt Tórshavn 36",Färöer,134,121,184089584
"Tosca Lucchese",Italien,121,113,184045479
"Royal Eupen",Belgien,112,96,184032175
"Arsenal Schodsina",Weißrussland,134,126,183988842
"Union Celje",Slowenien,105,97,183975018
"Kokemäenjoki Pori",Finnland,102,94,183958376
"Super Weston CF",England,109,101,183659958
"Sociedad Almería",Spanien,83,77,183234525
"Vamos La Roda",Spanien,121,112,183128603
"Olimpios Kerkyra",Griechenland,144,127,182848240
"Robon Kazan",Russland,157,96,182845533
"Trøndelag Levanger",Norwegen,120,112,182815526
"Beanos Stirling",Schottland,124,117,182468717
"Rudar Dob SK",Slowenien,99,91,182406526
"Woch Chorzów",Polen,103,95,182211186
"NSK Olimpiko","Bosnien und Herzegowina",107,99,182116389
"ZD Dordrecht",Niederlande,139,130,182063582
"FK Fiorentino",San Marino,106,98,182005414
"Iän Åtvidaberg",Schweden,114,106,181926066
"HuFC Düsseldorf",Deutschland,137,80,181854334
"RR Kirkcaldy",Schottland,155,143,181834647
"Oudenaarde SC",Belgien,140,130,181829729
"Tórniko Zabrze",Polen,124,117,181746988
"SK Glimt Bodø",Norwegen,134,125,181667733
"Athlético Penafiel",Portugal,84,77,181580696
"OKF Montana 1948",Bulgarien,138,131,181486178
"Rakvera JK",Estland,144,137,181464383
"ASS Södertälje",Schweden,130,120,181333222
"Umbria Folignese",Italien,150,144,181303033
"Borussia Wuppertal",Deutschland,164,97,181268525
"Hemmerup AK",Dänemark,124,117,180879755
"Vestfold Sandjeford",Norwegen,106,96,180728510
"SVC Ekenäs",Finnland,116,108,180546594
"Red Devils CF",Gibraltar,109,101,180416381
"Yekatarina Yakutsk",Russland,166,152,180231323
"Metallica Mielec",Polen,128,121,180174179
"BW Linz 1998",Österreich,89,77,180102647
"Inter Floriana",Malta,154,115,180100166
"FC Mattersburg 1921",Österreich,105,85,179964982
"WAL Walhain",Belgien,126,117,179548204
"TuS Ulm 1853",Deutschland,102,75,179332079
Matalyaspur,Türkei,135,125,179232532
"FC Kirchbichl",Österreich,153,142,179217722
"FK Metallica Jajce","Bosnien und Herzegowina",118,110,179149818
"SE Zalaegerszeg",Ungarn,134,125,179097182
"US Lepe",Spanien,108,99,179053735
"FS Serravalle",San Marino,228,126,178570822
"JKA Ylivieska",Finnland,97,89,178484333
"IFK Reichenau",Österreich,123,109,178433514
"Nuneaton City 1902",England,93,86,178425035
"Jeanette Esch",Luxemburg,88,80,178367023
"RCD Ejea",Spanien,96,67,177494695
"Deportiva Fuenlabrada",Spanien,128,118,177342843
Sumsünspor,Türkei,113,99,177335002
"BK Mjällby",Schweden,122,114,177300089
"HB Paola",Malta,137,119,177282565
"Västra Borås ",Schweden,134,126,177042877
"AS Strassen",Luxemburg,129,117,176908349
"Hellas Agrinio",Griechenland,95,88,176760963
"Carmathen United",Wales,83,75,176665737
"VF Groningen",Niederlande,152,123,176556793
"FK Parndorf",Österreich,93,84,176497128
"FC Štip 95",Mazedonien,138,123,176461215
"FV Kaunas",Litauen,113,105,176206681
"FK Stadtallendorf 1923",Deutschland,126,118,176116138
"Mesta Bansko KF",Bulgarien,121,113,176105742
"KVI Stavanger",Norwegen,130,106,175972087
"Reyocretivo Huelva",Spanien,121,113,175593361
"Sumqayıt CF",Aserbaidschan,98,90,175404514
"Frihed Fredericia",Dänemark,118,96,175246796
"Atlético Albacete",Spanien,114,106,175013023
"Športový Krásna",Slowakei,104,96,174991938
"Gainsborough United",England,109,102,174861731
"Napk Mykolaiv",Ukraine,129,122,174783519
"Puña Tafalla",Spanien,74,66,174485430
"Chevrokry Głogów",Polen,121,113,174322465
"Oabla Koper",Slowenien,101,94,174239267
"Sportska Pleven",Bulgarien,101,94,174232212
"Kotorosl Yaroslavl",Russland,118,108,174160545
"Açores Delgada",Portugal,99,91,174152912
"KS Grimstad",Norwegen,122,114,174136843
"Dinamo Bolnisi",Georgien,98,93,173728749
"Spotivo Zigi",Lettland,97,91,173573261
"Häcken GB",Schweden,147,126,173341865
Dzenlispur,Türkei,76,68,173177661
"Smehja Komsomolsk",Russland,111,103,173045291
"EF Lleida",Spanien,95,86,173004317
"SL Hradiště",Tschechien,113,105,172981021
"FK Kissamikos",Griechenland,91,82,172631460
"FSC Setúbal",Portugal,152,98,172630497
"SSC Vilafranca",Spanien,123,115,172617768
"FV Doncla Praha",Tschechien,80,72,172491079
"Austria Imst",Österreich,133,126,172392178
"ACF Hamilton",Schottland,119,105,172106217
"Sheffield Swords ",England,134,100,171966299
"Braintree Union",England,78,70,171938325
"Cyprus Aradippou",Zypern,120,112,171867287
"Druja Pakruojis",Litauen,105,97,171696607
"SSC Lugano",Schweiz,171,134,171235044
"Luleå SK",Schweden,92,83,171024884
"AS Perugia",Italien,151,120,171008998
"GK Kauniainen",Finnland,105,97,170992982
"Graaf Doetinchem",Niederlande,152,106,170899447
"Uniøn Bryne",Norwegen,119,111,170643148
"Kurd Borlänge",Schweden,144,135,170619813
"Slavonia Brdo",Kroatien,120,112,170388662
"Fier Galați",Rumänien,98,91,170341564
"KV Aktobe 1965",Kasachstan,166,143,170335652
"SC Mechelen 1905",Belgien,126,118,169824920
"Intra Brașov",Rumänien,145,137,169823690
"Okzhlïmpïada Kokshetau",Kasachstan,134,126,169611662
"Møre Kristiansund",Norwegen,133,125,169385285
"Oldham City",England,134,117,169324351
"JK Sillam",Estland,117,109,169320204
"US Høddvik",Norwegen,99,93,169172891
"Lugan County",Nordirland,100,91,169092858
"FK Kuopio",Finnland,123,115,169084061
"SCU Sassuolo",Italien,132,111,168762287
"KS Kostrote Krujë",Albanien,90,82,168090334
"SSC Leffe-Albino",Italien,122,114,167947709
"Kassaly Tschymkent",Kasachstan,125,116,167851913
"Fortuna Norderstedt",Deutschland,110,75,167795608
"Sesvete Zagreb",Kroatien,84,76,167793613
"SC Waller Seekirchen",Österreich,120,97,167665108
"Dinamo Hrodna",Weißrussland,98,90,167580063
"Spartak Afipsky",Russland,118,110,167483537
"DB Spakenburg",Niederlande,144,135,167264163
"Zefçi Baku",Aserbaidschan,134,124,167134658
"Peterborough Elitists",England,120,105,166995943
"Concordie Constanța",Rumänien,106,98,166765684
"TB Overijse 76",Belgien,85,77,166409553
"SN Teramo Calcio",Italien,117,109,166184133
"SS Stradella Voghera",Italien,89,79,166071051
"FC Newtown 76",Wales,139,132,165999847
"1. FC Bremer Neustadt",Deutschland,114,96,165897462
"Corse Bastia",Frankreich,113,99,165848736
"Mitchelstown CF",Irland,115,107,165665539
"Eltersdorfer SV",Deutschland,153,95,165083625
"Concordia Rieti",Italien,95,86,164887264
"FC Ivantsminda",Georgien,103,96,164782601
"FK Schwaz",Österreich,80,71,164695777
"FV Maribor 61",Slowenien,96,89,164590939
"FAK Kemi",Finnland,140,132,164557763
"ZS Luzern",Schweiz,117,102,164507563
"Intra Sozopol",Bulgarien,142,135,164450464
"Southend Athletics",England,93,66,164324748
"Aris Katokopia",Zypern,111,104,164130646
"IP Ljungskile",Schweden,94,87,164081403
"Ritzinger SK",Österreich,132,117,163947788
"AK Sluvaria Praha",Tschechien,164,102,163522872
"Gjumri FC",Armenien,120,112,163468480
"IKK Klaksvík",Färöer,104,96,163304953
"Vík Ólafsvík 1927",Island,163,107,163277484
"Torpeda Luzk",Ukraine,125,114,163140783
"Pohjanmaa Kokkola",Finnland,100,92,162890244
"SSC Zwolle 91",Niederlande,125,82,162868638
"FC Demba",Lettland,105,97,162655461
"Cherkasy FC",Ukraine,84,77,162606600
"Universitate Clinceni",Rumänien,130,123,162496511
"SI Hobro",Dänemark,145,68,162382636
"Turpedia Armavir",Russland,88,80,162184059
"Tombola Tuzla","Bosnien und Herzegowina",101,93,162114680
Şunıarfanorspor,Türkei,125,117,162052176
"SK Austria Ferlach",Österreich,81,75,161955662
"Bjelovar Ždralovi",Kroatien,97,90,161761215
"FC Hapa Tel-Avia",Israel,153,121,161712726
"Lava Southport",England,87,52,161671157
"Unione Spezia",Italien,106,98,161594957
"Unirea Brăila",Rumänien,84,76,161563989
"St. Patrick CF",Schottland,125,101,161552525
"Radnički SB",Kroatien,158,151,161520221
"Drogheda City",Irland,82,74,161448927
"PL Atletica Crema",Italien,115,107,161155998
"SSC Lanciano",Italien,98,66,161132630
"VT Arnhem",Niederlande,84,68,161110401
"Crișana Arad",Rumänien,99,91,160940003
"More Zvornik","Bosnien und Herzegowina",117,109,160857760
"Inter Hamoir",Belgien,91,81,160485613
"Brackley Stars",England,103,95,160412919
"Kidderminster Warriors",England,98,90,160198848
"Bromma Stockholm",Schweden,117,108,160173299
"FC Jeddeloh 1953",Deutschland,87,66,160082859
"Saint Ptuj 1935",Slowenien,99,91,160037781
"RO Russe",Bulgarien,114,106,160030996
"FC Tiber",Italien,59,51,160017264
"Unione Rimini",Italien,110,104,159835423
"Aero Broughton",Wales,112,103,159574357
"Rasensport Herkenrath",Deutschland,110,97,159501800
"Racing San Sebastián",Spanien,98,73,159272044
"IKK Falkenberg",Schweden,117,108,159260691
"KS Kamëz",Albanien,91,84,159206292
"Unión Madeira",Portugal,133,110,159058274
"Fortuna Essen",Deutschland,87,37,158721882
"York Soccer",England,109,100,158702082
"Vitória Freamunde",Portugal,122,114,158679595
" YFC Diósgyőr",Ungarn,119,111,158625936
"Unire Botoșani",Rumänien,97,89,158396912
"FK Differdange",Luxemburg,107,99,158296728
"Podla Białystok",Polen,91,84,158102881
"SCC Neuchâtel",Schweiz,123,76,157962162
"Uniune Orhei",Moldawien,102,94,157371425
"BO Praha 1903",Tschechien,131,105,157040093
"FK Mezőkövesd 76",Ungarn,86,78,156795295
"Speertak Rotterdam",Niederlande,163,145,156746170
"Nożna Bydgoszcz",Polen,122,114,156705749
"WFC Erkenschwick",Deutschland,114,102,156425133
"Olympiakos Achna",Zypern,85,77,155892929
"Friidrott Sundsvall",Schweden,114,104,155791998
"Royal Lier",Belgien,135,98,155720995
"FK Bojaro Tarnovo",Bulgarien,120,114,155670444
"FK Martuni",Armenien,98,91,155525995
"Züricher SK",Schweiz,106,93,155501695
"Puglia Andria",Italien,135,127,155339584
"Scezny Pruszków",Polen,119,113,155250021
"Viitor Râmnicu Vâlcea",Rumänien,87,81,154957925
"FC Florell",Estland,88,80,154698517
"Hurricàn Valencia",Spanien,126,119,154683181
"Kilkee FC",Irland,203,90,154672906
"Voort Deventer",Niederlande,110,89,154628852
"Herakles Thessaloniki ",Griechenland,127,119,154546233
"Atlético Talavero",Spanien,75,67,154525092
"Royal Murcia",Spanien,70,60,154472891
"RCD Sestao",Spanien,143,135,154220227
"Desportivo Famalicão",Portugal,140,132,154090632
"SWBH Villingen",Deutschland,102,83,153944113
"FK Gračanica","Bosnien und Herzegowina",114,106,153770204
"AK Stara Zagora",Bulgarien,81,73,153765574
"UK Wilrijk",Belgien,119,112,153755546
"Chaniakose FK",Griechenland,108,100,153569013
"FC Phynx",Gibraltar,102,90,153557799
"Pallok Vantaa",Finnland,124,114,153537648
"Korčula Blato",Kroatien,119,111,153461818
"Atletism Balotești",Rumänien,134,127,153298885
"Société Maasmechelen",Belgien,122,115,153173459
"JS Jako Pietarsaari",Finnland,94,86,153012735
"ZH Winterthur",Schweiz,122,88,152867603
"RCD L’Hospitalet",Spanien,103,95,152863993
"Woolfield FC",Nordirland,191,112,152722015
"Športno Gorica",Slowenien,100,92,152644441
"Eintracht Rudolstadt",Deutschland,101,75,152628829
"KSA Siedlce",Polen,99,90,152575272
"POK Livadia",Griechenland,110,100,152486063
"Sportiva Caserta",Italien,118,111,152483075
"FKS Kópavogur",Island,82,74,152415737
"SC Waterford",Irland,96,89,152369388
"Sterk Kristiansand",Norwegen,100,92,152278726
"Sportinho Lissabon",Portugal,207,103,152254684
Ümrüsyespur,Türkei,101,94,152213499
"Sportska Gabela","Bosnien und Herzegowina",91,83,152167793
"FK Gliwice",Polen,126,101,151837893
"Nabyla Qostanai",Kasachstan,138,131,151828944
"UD Portugalete",Spanien,131,123,151806271
"Sicilia Catania",Italien,95,88,151799929
"FK Nizhny",Russland,121,100,151703337
"Unione Terni",Italien,91,68,151524443
"Dynamit Moskva",Russland,186,107,151510717
"Istria Novigrad",Kroatien,102,94,151301005
"CS St. Maria de Feira",Portugal,101,93,151254539
"WSV Kristall Wattens",Österreich,148,100,150929456
"Dynamit Astana",Kasachstan,129,121,150617250
"QP Glasgow 1867",Schottland,108,72,150053167
"Brescia CF",Italien,122,105,150009871
"Atletik Nikosia",Zypern,142,86,149805709
"Olimpia Novgorod",Russland,75,68,149765713
"FC Clermont-Ferrand",Frankreich,74,64,149648313
"Sportiva Leioa",Spanien,80,73,149638965
"RW Meuselwitz",Deutschland,100,66,149503893
"Brócoli Lorca",Spanien,172,121,149503316
"SSC Rumelange",Luxemburg,110,102,149404559
"SpVgg Lotte",Deutschland,138,67,149388381
"1. SC Pardubice",Tschechien,87,79,149014701
"FKS Athen",Griechenland,138,124,148975860
"Bangor Town",Wales,154,142,148752707
"Union Scunthorpe",England,95,86,148589698
"Napoli Calcio",Italien,115,107,148583461
"AT Fostiras",Griechenland,55,47,148424940
"FC Boşakşehir",Türkei,115,107,148379088
"Carpi Calcio",Italien,71,63,148322768
"Lokhtar Soligorsk",Weißrussland,67,59,147984945
"KSK Radomlje",Slowenien,101,93,147938969
"NK Veduž Mostar","Bosnien und Herzegowina",115,108,147887931
"Tweede Enschede",Niederlande,144,101,147871618
"Preußen Neumünster",Deutschland,134,81,147745740
"Atletiek Westerlo",Belgien,106,98,147532365
"Galicia Lugo",Spanien,137,129,147479589
"KF Olsztyn",Polen,85,77,147310250
"Coleraine United",Nordirland,82,74,146935442
"FSV Schwachhausen",Deutschland,120,102,146920550
"FK Nisporeni",Moldawien,128,120,146645757
"Atlétika Csákvár",Ungarn,83,75,146276875
"Union Valletta",Malta,74,66,146230653
"Sportsklub Odense",Dänemark,112,104,146200771
"CV Crotone",Italien,107,92,146111430
"Värnamo SK",Schweden,103,95,145879452
"SS Pâncota",Rumänien,84,75,145649261
"FK Petrol Hîncești",Moldawien,97,89,145503891
"Wolverhampton Town",England,142,108,145469778
"KFN Novopolotsk",Weißrussland,124,123,145265919
"POTE Baryssau",Weißrussland,104,97,145199993
"AK Berlin 1917",Deutschland,87,33,145024127
"UD Lizarra",Spanien,92,84,144895477
"Royal Sevilla",Spanien,165,115,144852006
"Atletico Pistoiese",Italien,81,74,144583416
"Dnipropetrovsk FC",Ukraine,106,76,144470957
"Atlético Tarragona",Spanien,121,85,144448771
"SC Starkstrom Wien",Österreich,106,97,144445837
"ASS Nieciecza",Polen,108,100,144273050
"Dalmatia Solin",Kroatien,98,90,144226297
"Bala City",Wales,144,127,144194750
"AS Cailungo",San Marino,95,87,144113300
"Sportowy Lubin",Polen,103,95,143918035
"SK Elverum",Norwegen,113,106,143786544
"Kriger Helsingør",Dänemark,90,72,143584697
"Mladi Podgorica FK",Montenegro,138,131,143503362
"ISK Grindavík",Island,129,114,143393758
"Jadera Zadar",Kroatien,83,75,143358314
"Blau-Rot Hollenbach",Deutschland,104,90,143188521
"CF Eibar",Spanien,163,120,142978916
"Dinamo Plovdiv",Bulgarien,45,37,142716962
"CA Tuttocodio",Italien,95,87,142436986
"SSC Cremona",Italien,81,73,142356507
"Portsmouth City",England,115,88,142105719
"KV Târgu Mureș",Rumänien,118,111,142060801
"Sportivo Aves",Portugal,105,97,141761800
"SK Békéscsaba 1913",Ungarn,100,93,141724643
"Sportski Imotski",Kroatien,148,139,141599020
"Matosinhos Leixões",Portugal,140,133,141187750
Keçiürspor,Türkei,108,100,141168757
"FSI Mariehman",Finnland,120,113,141062637
"FK Golfo di Stabia",Italien,121,114,140954622
"CSA Suceava",Rumänien,84,76,140886862
"ACF Ayr",Schottland,114,104,140459835
"Blessed St Albans",England,94,68,140400361
"Legnica FK",Polen,118,99,140350241
"Gernika FC",Spanien,108,100,140079225
"Rayo Jumilla",Spanien,89,81,139757119
"SA Vaskalund",Schweden,42,35,139445594
"Rodóva Marijampolė",Litauen,98,90,139280736
"SBK Pfullendorf",Deutschland,116,73,138989772
"CD Elche",Spanien,101,93,138905605
"Union Kehl 1906",Deutschland,125,97,138896744
"HFV Wiesbaden",Deutschland,76,65,138821135
"Chorley Roses",England,111,93,138785740
"Salò Calcio",Italien,104,93,138775053
"SV Pasching",Österreich,97,76,138538663
"Alfreton Derbyshire",England,109,101,138454742
"ED Dender Hekelgem",Belgien,100,92,138249181
"FK Veľký Meder",Slowakei,94,87,138012052
"Ascoli Calcio 1895",Italien,130,119,137952635
"SC Guédiawaye",Lettland,98,91,137480100
"FK Banana Yerevan",Armenien,102,94,137458562
"Hanka Espoo",Finnland,117,110,137402314
"Neuwiener FK",Österreich,118,106,137384453
"ASK Völkermarkt",Österreich,87,81,136999662
"Sportivo Braga",Portugal,105,90,136827334
"Zhim Tomsk",Russland,82,75,136655867
"FV Vaduz 1935",Schweiz,123,76,136649561
"Port Talbot County",Wales,118,110,136458768
"Athletic Tuam",Irland,139,132,136299138
"Unione Cittadella",Italien,102,93,136199439
"SOF Angers",Frankreich,70,58,136018886
"Oxford Urbans",England,99,89,135895471
"Phoenix Yerevan",Armenien,139,101,135873449
"SSV Pavia",Italien,122,116,135704463
"PV Stoke 1875",England,90,81,135518723
"Saimaa Joutseno",Finnland,121,114,135513203
"FKS Kriens",Schweiz,79,71,135291490
"AS Chișinău",Moldawien,100,92,135060056
"Eintracht Offenbach",Deutschland,133,61,134922852
"Bulgaria Panagyurishte",Bulgarien,97,89,134837955
"FK Chambly",Frankreich,104,79,134597623
"SAV Sandersdorf",Deutschland,91,66,134568093
"FK Neretva Mostar","Bosnien und Herzegowina",132,96,134556740
"Štirovnik Cetinje",Montenegro,82,74,134477396
"Avanti Siena",Italien,117,110,134380947
"Westfalia Gütersloh",Deutschland,130,72,134357647
"Derby United",England,130,97,134352946
"SL Martin 1995",Slowakei,97,87,134151577
"SK Moskau",Russland,111,66,134122883
"SSV Lille",Frankreich,63,47,134010300
"FK Novo Mesto",Slowenien,102,94,133908756
"POSK Saloniki",Griechenland,111,104,133858236
"Viktoria Schaffhausen",Schweiz,118,110,133420991
"Warta Częstochowa",Polen,97,90,133034526
"Veneto Bassani",Italien,110,101,132988657
"KS Korobii Peshpope",Albanien,55,47,132694134
"RW Beckum",Deutschland,93,61,132616665
"Adler Sprockhövel",Deutschland,94,51,132615452
"Turopolje Gorica",Kroatien,118,110,132604599
"FK Great Britain XIV",Gibraltar,108,97,132393359
"Kesımboşaspar FK",Türkei,219,110,132248709
"Konyaaltı Antalya",Türkei,108,100,132205365
"Uni Svishtov 48",Bulgarien,80,73,132198823
"KFB Gaziantep",Türkei,89,80,132050623
"Fortuna Dassendorf",Deutschland,61,44,132001979
"Atletic Pembroke",Malta,124,114,131806365
"Alsace Mulhouse",Frankreich,123,73,131757286
"Union Neubrandenburg",Deutschland,133,79,131685905
"VfL Saar 1925",Deutschland,110,97,131643084
"La Louvière City",Belgien,96,88,131639340
"Beuter Jeru FC",Israel,72,65,131567791
"BO Norrby",Schweden,88,81,131379202
"Salappa Pori",Finnland,117,110,131304134
"Loktàk Králové",Tschechien,115,108,131129659
"DSK Fortuna Wien",Österreich,96,88,130856261
"Lombardia Como",Italien,67,58,130485988
"Olympique Geel",Belgien,95,88,130479787
"Międzynar Bełchatów",Polen,122,115,130106411
"Tiraspol Cowboys ",Moldawien,107,89,130025386
"Samtredia United",Georgien,74,67,129943912
"FF Gerasdorf",Österreich,87,79,129813623
"Union Lommel",Belgien,101,95,129710012
"FSV Neugersdorf",Deutschland,79,55,129681758
"DTE Groesbeek",Niederlande,110,103,129582041
"FAK Voronezh",Russland,71,62,129399451
"Croatia Čapljina","Bosnien und Herzegowina",103,95,129335898
"Rupida București",Rumänien,98,91,129225303
"SFC Ravensburg",Deutschland,82,67,129173548
"Chelmsford Community",England,112,104,129143150
"Angel de Compostela",Spanien,98,92,128943983
"FK Poissy",Frankreich,118,110,128940494
"Sodjìska Nikšić",Montenegro,82,71,128886711
"Horda Sotra",Norwegen,101,94,128794496
"Dynamit Tiraspol",Moldawien,116,108,128580780
"Glentory Belfast",Nordirland,104,96,128493437
"FK Una Bihać","Bosnien und Herzegowina",119,111,128226381
"ASK Karviná",Tschechien,114,106,128192280
"SSC Wörgl",Österreich,103,95,127752774
"FK Chaves 48",Portugal,109,102,127638588
"Shrewsbury United",England,88,75,127577994
"KN Galebi",Slowenien,140,132,127510095
"Hellas Almelo",Niederlande,114,86,127149869
"Realstar Bruxelles",Belgien,106,91,127035808
"Cercedense CF",Spanien,66,56,126585921
"Atletický Myjava",Slowakei,134,126,125965866
"Bullev Vratsa FK",Bulgarien,100,91,125924799
"Lichtenberger SK",Deutschland,85,52,125790337
"Esportiva Linares",Spanien,136,129,125662904
"Soda Jönköping",Schweden,130,122,125497390
"OZ Oosterwijk",Belgien,77,69,125488493
"FC Tbilisi",Georgien,102,94,125164366
"Jekla Kidričevo",Slowenien,74,66,125067856
"Olimpic Cobh",Irland,93,86,124989037
"SSV Modena",Italien,155,146,124987636
"  Elazığspurt",Türkei,88,80,124987313
"Bromley UK",England,88,81,124583166
"FKV Huddinge",Schweden,77,69,124445898
"Kufsteiner SSC",Österreich,113,102,124170004
"KEC Emmen",Niederlande,61,51,124147094
"Farak Grosny",Russland,77,54,123978325
"Schwyz Tuggen",Schweiz,103,90,123965288
"Potenza Melfi",Italien,73,65,123617180
"SI Atlet Göteborg",Schweden,122,110,123429313
"FCU Haibach",Deutschland,142,115,123349409
"Sportivo Mondorf",Luxemburg,115,107,123247967
"Airdrie United",Schottland,103,95,123194995
"TAK Freialdenhoven",Deutschland,71,49,122928233
"Dartford City",England,79,72,122914937
"Spartak Žilina",Slowakei,131,121,122652852
"FK Opuzen",Kroatien,93,85,122206868
"Luton United",England,106,90,121569269
"OFK Ski",Norwegen,116,109,121453574
"AC Parma",Italien,156,92,121293277
"FK Nijmegen 1900",Niederlande,82,56,120562941
"FV Olot",Spanien,99,89,120500017
"FC Miro Be’ér Shéva",Israel,104,96,120446826
"NOS Goražde","Bosnien und Herzegowina",61,53,120375220
"SG Orenburg",Russland,132,125,120193860
"Atlético Línea",Spanien,119,111,119989238
"Concord Bishops",England,102,93,119978241
"Zehlendorfer SC",Deutschland,125,82,119942837
"Fotball Moss",Norwegen,102,95,119744497
"EU Gibraltar",Gibraltar,115,107,119716219
"Coventry Town",England,87,78,119584013
"Spartak Izhevsk",Russland,75,67,119336341
"FKS Kołobrzeg",Polen,84,76,119219447
"Káma Naberezhnye",Russland,84,76,119177096
"Tortuk Nalchik",Russland,83,73,118740185
"Slavyani Sofia FK",Bulgarien,83,62,118653677
"Union Kutaisi",Georgien,108,98,118277228
Adalanyasport,Türkei,82,73,118112007
"SC Agrigento",Italien,100,89,117876652
"Spa Cheltenham",England,81,74,117841928
"Aigionikos FC",Griechenland,92,85,117834324
"Gateshead Rovers",England,109,100,117701126
"FC Mbour",Lettland,106,98,117651589
"TSV St. Florian",Österreich,60,52,117508494
"Sportive Virton",Belgien,106,96,117277018
"FKS Rochdale",England,87,79,117259563
"VfL Arnoldsweiler",Deutschland,92,61,117238566
"Teutonia Alfter",Deutschland,194,115,117102282
"Ilfov Chiajna",Rumänien,62,54,117012082
"Atletico Forlì",Italien,103,95,116881721
" Spreča Lukavac","Bosnien und Herzegowina",104,96,116715839
"FV Brehl St. Gallen",Schweiz,142,126,116524234
"St. Llansantffraid FC",Wales,119,101,116515429
"Škundelja Tetovo",Mazedonien,109,101,116198509
"SK Zvezda Belgrad",Serbien,130,121,116127092
"Benfica Luxemburg",Luxemburg,107,96,116071425
"MS Akhisar",Türkei,90,80,115880132
"FC Pagani",Italien,112,106,115857988
"OL Grorud",Norwegen,83,75,115532154
"Babelsberger Kickers",Deutschland,93,57,115512575
"FK Niepołomice 1919",Polen,50,42,115382467
"SSV Halberstadt 98",Deutschland,78,48,115379780
"Union Liége FC",Belgien,110,102,115145169
"CO Alcorcón",Spanien,123,85,114671421
"FC Kalte",Estland,99,91,114658449
"KA Larisa",Griechenland,112,104,114436977
"AFK Anif",Österreich,68,61,114408387
"FFK Dornbirn",Österreich,132,95,114289419
"Sport Qäbälä",Aserbaidschan,137,128,113955149
"Halifax County",England,69,61,113611528
"Joseph`s United",Gibraltar,140,132,113568189
"Uno Seregno 1923",Italien,99,90,113547267
"Aero Kharkiv",Ukraine,95,88,113452455
"Hrvatskoj Pleternica",Kroatien,122,115,113145685
"ASK Oberwart",Österreich,63,33,112859931
"TuS Bönningstedt",Deutschland,101,82,112593406
"Zhunit St. Peterburg",Russland,160,98,112467037
"KA Iraklio",Griechenland,94,87,111922924
"SK Raab Lafnitz",Österreich,91,83,111793057
"Llandudno Town",Wales,120,84,111702766
"VF Göteborg",Schweden,104,96,111589126
"Real Koksijde",Belgien,120,113,111486497
"SFC Rostov",Russland,126,103,111280029
"VfB Rain 1898",Deutschland,89,78,111236999
"FC Euskirchen 1968",Deutschland,105,84,111176009
"Padova Este",Italien,120,113,110850526
"FK Koprivnica",Kroatien,100,85,110604015
"FKI Runavík",Färöer,125,117,110376492
"SK Kongsvinger 1893",Norwegen,114,106,110351090
"AFK Eberau",Österreich,84,76,110208611
"NB Helmond",Niederlande,121,113,110011642
Geşümehanospor,Türkei,54,46,109994930
"Atlético Varzim",Portugal,74,66,109737782
"Union Toulouse",Frankreich,81,74,109601753
"Kenmare United",Irland,106,98,109281722
"SCF Cowdenbeath",Schottland,138,81,109159585
"Havelser SC",Deutschland,87,67,108928929
"Sporting Arouca",Portugal,89,81,108906443
"SWK Bregenz",Österreich,107,91,108806463
"AFK Kapan",Armenien,65,57,108430288
"Sportivo Frosinone",Italien,65,58,108423998
"Kobuleti FC",Georgien,109,99,108375041
"Alliance Køge ",Dänemark,92,78,108319711
"SL Pastarossa",San Marino,111,98,108304480
"Borussia Northeim",Deutschland,91,69,108130108
"Lok Tambov",Russland,102,94,108092503
"Ata Balıkesir",Türkei,86,78,108073870
Giazantepspur,Türkei,103,81,107684947
"Spartak Jablonek",Tschechien,77,62,107509990
"Royal PG Valladolid",Spanien,70,62,107480463
"Sankt Brest FK",Weißrussland,83,75,107427315
"Vejle FF",Dänemark,99,91,107018280
"Omiš FK",Kroatien,106,99,106746483
"PAS Dunaújváros",Ungarn,100,92,106509643
"GR Klaipėda",Litauen,118,110,106217126
"AFC Tullamore",Irland,124,115,106172648
"Union Weiz",Österreich,72,66,106081976
"Plymotuh Emigrants",England,66,57,105388402
"Lazio Latina",Italien,69,59,105180372
"Mellica Novokuznetsk",Russland,100,93,104569755
"AAC Coimbra",Portugal,104,98,104461774
"OL Donezk",Ukraine,90,82,104282915
"Wallonia Ciney",Belgien,102,96,104044798
"SK Victoria St. Pölten",Österreich,63,56,103097068
"CS Marbella",Spanien,67,60,102953996
"KFC Waalwijk 41",Niederlande,84,77,102520504
"Gaza Mediaș",Rumänien,136,97,102458158
"Intra Turku",Finnland,91,80,102045612
"Radnik Čačak",Serbien,83,64,101996968
"KF Radar Kakanj","Bosnien und Herzegowina",80,73,101870099
"WSC Ruislip",England,66,56,101794858
"Boomian FC",Irland,94,85,101777222
"Naxxar Soccer",Malta,118,110,101743344
"AFK Pomorie",Bulgarien,106,99,101354750
"Rossoblù L`Aquila",Italien,92,84,101341093
"Alemannia Marl-Hüls",Deutschland,62,28,101024904
"Viktoria Jihlava",Tschechien,120,112,100972329
"TSK Hartberg",Österreich,64,54,100547580
"Italia Wolfsburg",Deutschland,82,49,100371685
"Dnepr Zaporizhya",Ukraine,93,85,99954503
"Inizio Gavorrano",Italien,120,113,99796422
"VfR Neuenkirchen",Deutschland,62,43,98527576
"NFV Lüneburg",Deutschland,84,67,98255004
"Lougana FC",Lettland,87,80,97913703
"SG Gurten",Österreich,100,91,97882496
"Horner SC",Österreich,110,101,97858440
"Tipperary Soccer",Irland,102,94,97666121
"BPS Landskrona",Schweden,80,73,97136907
"HFC Rhynern",Deutschland,90,77,97117806
"ASK Paços de Ferreira",Portugal,126,105,97091839
"KIS Vaasa",Finnland,113,105,96655017
"FK Groesbeek 29",Niederlande,83,74,96582382
"Swindon County",England,100,93,96568196
"Niedercorn PG",Luxemburg,126,99,96447130
"AS Dounes",Lettland,101,93,96349332
"Ussi Yerevan",Armenien,120,112,96291178
"Sportowy Krasnodar",Russland,103,95,96081569
"Sçaykor Rize",Türkei,113,95,95864024
"NES Famagusta",Zypern,81,73,95856441
"Sportsko Zenica","Bosnien und Herzegowina",66,58,95803206
"Soria CF",Spanien,99,92,95637269
"Omla Čakovec",Kroatien,54,46,95558958
"FC Piacenza 1929",Italien,82,74,95518535
"SC Cova de Piedade",Portugal,49,41,95346757
"FK Samobor",Kroatien,98,90,95246174
"Lealta Villaviciosa",Spanien,126,118,94799501
"ASK Velenje",Slowenien,113,105,94092358
"FC Cluj",Rumänien,56,49,93879884
"Adria Dugopolje",Kroatien,84,76,93810106
"ASL Šenčur 52",Slowenien,121,114,93564587
"Pohjanlahti Vaasa",Finnland,104,96,93556386
"CP Escola Lisboa",Portugal,70,62,93534717
"Unionos Athen",Griechenland,98,89,93436880
"SI Uppsala",Schweden,107,97,93248066
"HSV Kiel",Deutschland,84,39,93127093
"Stadt Reims",Frankreich,51,43,93087128
"Kumpaty Lviv",Ukraine,73,59,92678534
"Ferrara Calcio",Italien,146,138,92393369
"FSC Neumarkt a.W.",Österreich,79,73,92381798
"RSE Winkel",Belgien,95,87,91980648
"SSC Portimão",Portugal,83,75,91490484
"TSG Landsberg",Deutschland,112,79,91372775
"Merseyside Birk",England,100,91,91350851
"Yelisa Kirovohrad",Ukraine,60,52,91263436
"Gnaser FC",Österreich,104,75,91044124
"Asturias Gijón",Spanien,105,91,90657769
"Inter Zmijavci",Kroatien,85,78,90627799
"Opolskie Kluczbork",Polen,125,117,90354252
"RSD Ferrol",Spanien,53,36,90129412
"Young Boys Zürich",Schweiz,113,96,89988575
"Inter Renate",Italien,107,100,89932312
"FK St. Mirror",Schottland,110,83,89834641
"ASC Kilmarnock",Schottland,99,89,89720982
"FV Langreo",Spanien,85,77,89564889
"Cycle Brugge FC",Belgien,72,66,89536458
"Concord Åsane",Norwegen,92,81,89164561
"Atlético Osuna",Spanien,98,91,88546346
"Sligo Randers",Irland,46,38,88538363
"SSU Catanzaro",Italien,104,96,88101199
"Cherno Burgas",Bulgarien,83,74,87901481
"Slavia Liberec",Tschechien,77,46,87283902
"SPV Cursneuen",Deutschland,63,43,87118906
"VfB Achern",Deutschland,104,88,86910600
"Preußen Lübeck",Deutschland,46,34,86658136
"SC Michalovce",Slowakei,101,93,86586370
"AS Cornella",Spanien,117,101,86212831
"FV Dumbarton 1871",Schottland,71,62,85945221
"VfL Hof",Deutschland,69,59,85836338
"Club Mestre Venezia",Italien,72,64,85605448
"SC Pontedera",Italien,74,66,85481017
"PP Tigrotti Arsizio",Italien,53,44,85280797
"SC Bad Treibach",Österreich,56,48,84597262
"Găgăuzia Ceadîr-Lunga",Moldawien,98,90,84506476
"Wycombe Sportsmen",England,97,85,84439636
"SK Ankarügücü",Türkei,68,59,84264658
"SAA Taggia 1938",Italien,82,75,84146963
"Tromsødahl FK",Norwegen,100,92,83682499
"Vlak Gorna Orjachowiza",Bulgarien,100,93,83646519
"OL Zmay Ljubljana",Slowenien,100,69,83622973
"Germania Pohlheim",Deutschland,83,70,83168659
"VL Degerfors",Schweden,110,103,83132585
"Unì Viseu",Portugal,101,94,83062135
"SK Wrocław ",Polen,108,95,82652736
"WF Gullegem",Belgien,44,34,82574501
"OA Nikosia",Zypern,91,83,82274005
"Lahut Idzevan",Armenien,82,74,82110481
"Morecambe Seafighters",England,81,70,82071069
"Intra Baku",Aserbaidschan,107,99,81920167
"SBK Kaliningrad",Russland,64,57,81549159
"Basingstoke Superior",England,59,51,81295769
"KVC Tubize 55",Belgien,69,61,80960810
"Academy Bristol",England,65,59,79057630
"SSC Bournemouth 1902",England,79,61,78945652
"Święto Kielce",Polen,106,98,78932027
"Sportis Blumenthal",Deutschland,64,52,78125590
"Sportfreunde Bayreuth",Deutschland,71,41,76589145
"Intra Orašje","Bosnien und Herzegowina",80,73,76478708
"Benzină Ploiești",Rumänien,85,77,76330467
"Ostia Roma",Italien,80,73,76007325
"AS Dunărea Giurgiu",Rumänien,107,87,75835989
"Dynamo Großbardorf",Deutschland,68,60,75801355
"Eutiner FC 1918",Deutschland,42,29,75692130
"Hammer BSV",Deutschland,76,61,75394175
"ZKU Jekaterinburg",Russland,91,61,75157893
"Forrest Borehamwood",England,71,63,75036580
"Athlitikó Veria",Griechenland,61,52,74770871
"Nowy Sącz KV",Polen,72,63,74439415
"Saksahan Kryvyi",Ukraine,71,63,74199356
"Lipany FK",Slowakei,57,50,73698037
"RNK Walldorf",Deutschland,57,34,73625615
"SSC Huskvarna",Schweden,88,81,73153335
"TSV Kitzbühel",Österreich,75,57,72897509
"JK Tartu Lemm",Estland,69,61,72577143
"VS Angyal Budapest",Ungarn,56,48,72047931
"FK Poznań 1923",Polen,93,53,71569654
"Gazovski Lipetsk",Russland,93,85,70850184
"SC Orel Kranj",Slowenien,44,33,70508212
"USC Allerheiligen",Österreich,58,51,69961816
"Pullacher SC",Deutschland,76,57,69594936
"Gimnastikos Argos",Griechenland,86,52,69345215
"Tog Hjørring",Dänemark,46,38,69284222
"Fulham United",England,62,39,69284090
"CL Cosenza",Italien,106,98,69203005
"ETSV Schonnebeck",Deutschland,82,72,68818031
"AFC Netanya",Israel,78,70,68710938
"Dithmarschen Heid",Deutschland,50,44,68228115
"FK Kılkarelispurt",Türkei,51,44,68176474
"AFK Floridsdorf",Österreich,68,58,68032662
"Grödiger SC",Österreich,34,28,67966769
"ARA Södertälje",Schweden,74,66,67908666
"DSV Oberkassel",Deutschland,89,55,67821541
"Agrar FB",Färöer,66,58,67794074
"Rata Macerata 1919",Italien,79,71,67784499
"FKK Annabichl",Österreich,71,63,67678022
"NK Prijedor","Bosnien und Herzegowina",56,48,67258226
"Uni Murcia",Spanien,52,45,66145007
"BFV Schöeineche",Deutschland,61,54,65726209
"SK Biel/Bienne",Schweiz,85,45,65488736
"Hérakles Alicante",Spanien,29,17,65411646
"VfB Zwettl",Österreich,54,46,65329501
"Lyrtish Pavlodar",Kasachstan,57,49,64870054
"SSC Lecce",Italien,48,40,64053660
"Urheilu Ekenäs",Finnland,101,93,64036263
"Nottingham Soccer",England,82,45,63727765
"Viktoria Erndtebrück",Deutschland,63,34,63530555
"Unione Teramo",Italien,83,75,63071227
"ESS Falkirk",Schottland,48,40,62996210
"KS Mamur",Albanien,43,33,62176605
"KSK Katowice",Polen,47,39,62018489
"Lületaş Eskişehir",Türkei,98,90,61918884
"Atlético Xàtiva",Spanien,61,52,61422110
"Sicilia Siracusa",Italien,62,58,61322204
"Ville Rennes",Frankreich,86,65,60987436
"PC Strasbourg",Frankreich,68,59,60568818
"SC Esch",Luxemburg,105,62,60525415
Borsasport,Türkei,75,67,60220000
"SF Trabzon 2007",Türkei,72,40,59595539
"FK Cádiz",Spanien,97,61,59116956
"Zhetsyu Qaraghandy",Kasachstan,68,62,58894902
"Lood Volendam",Niederlande,54,50,58378254
"Deportiva Llagostera",Spanien,56,49,57940310
"Østfold Fredrikstad",Norwegen,68,60,57635665
"Unión Torrelavega",Spanien,77,71,57621769
"Atom Peristeri",Griechenland,43,35,57508484
"Oranje Emmen",Niederlande,57,36,57464347
"FV Zoro",Aserbaidschan,48,40,57363424
"SK Vránika Ostrava",Tschechien,76,71,57012771
"Union Stadlau",Österreich,36,28,56882035
"FK Faro",Portugal,64,55,56856471
"Dinamo Kobuleti",Georgien,78,70,56313923
Göztepspor,Türkei,30,22,56301071
"FC Geras Basel",Schweiz,104,95,55984700
"FSL Homburg",Deutschland,81,28,55076977
Balosport,Türkei,57,50,54708201
"Rayo Pobla de Mafumet",Spanien,77,70,54613444
"CD Urduliz",Spanien,34,26,54255133
"Séfélag Selfoss",Island,54,46,54137261
"SSV Sonthofen",Deutschland,56,44,54002539
"SSV Cartagena",Spanien,52,31,53943521
"SSC Tra Penía",San Marino,65,55,53683462
"Stade Bern 95",Schweiz,96,85,53479824
"Stenhousemuir SSC",Schottland,51,42,53456136
"Østerø Eiði",Färöer,55,43,50922628
"Nailsworth FC",England,73,67,49720177
İhögölaspocht,Türkei,33,25,48759061
"OV Lokeren",Belgien,71,65,48538237
"Seraing United",Belgien,75,67,48248979
"TSV Berlin 1905",Deutschland,92,63,47562786
"Starua București",Rumänien,75,67,47033961
"Sporting Aarau",Schweiz,90,73,45864312
"VfR Seligenstadt",Deutschland,43,32,45341789
"Berwick Rovers",Schottland,52,44,45099076
"Visina Ivanjica",Serbien,69,61,44820507
"Roban Krasnodar",Russland,80,71,44693311
"Baden Bahlingen",Deutschland,39,15,44415795
"Inter Campodarsego",Italien,41,33,44323937
"VfL Velbert",Deutschland,25,17,42171933
"Arsenal Horsens",Dänemark,36,32,41396427
"1. FFC Simmering",Österreich,48,44,41220639
"Canaria Las Palmas",Spanien,62,29,40472457
"FC Kristianstad",Schweden,43,35,39904557
"Hessen Lehnerz",Deutschland,48,33,38915657
"AS Salerno Calcio",Italien,39,31,38811968
"Chester United",England,34,29,38568108
"Cheznó Tarnobrzeg",Polen,64,60,38011238
"Ashton Sports",England,47,44,37765797
"IFF Västerås 05",Schweden,29,21,37435179
"Havant Princes",England,35,31,37200034
"Brentford Bees",England,51,45,36599726
"SpVgg Siegen",Deutschland,69,51,36541319
"Athlitikó Smyrna",Griechenland,24,17,36362292
"SK Prudy",Russland,79,71,36278886
"RWB Windeck",Deutschland,49,44,35005228
"Gimnastio Sanluqueño",Spanien,47,41,34986324
"VL Trakai",Litauen,47,40,34528913
"Altrincham Trafford",England,27,25,34176105
"AS Chico Redondela",Spanien,52,48,33437444
"Bolo Lavagnese",Italien,21,13,33392985
"Ellada Partras",Griechenland,41,37,32375639
"FC Deutschlandsberg",Österreich,35,27,32236014
"GSI Örgryte",Schweden,30,25,30651645
"FK Guingamp",Frankreich,49,41,30446092
"AS Bourg-P̩ronnas",Frankreich,25,14,30125888
"FC St. Hardenberg ",Niederlande,42,33,29911002
"Preußen Balingen",Deutschland,38,5,28683988
"Cannon Dungannon",Nordirland,39,31,27589875
"FC Katwijk",Niederlande,26,23,27569596
"Club Heist",Belgien,43,35,27056510
"FK Vidin 1922 ",Bulgarien,42,38,26977959
"Exeter County",England,24,22,25774232
"SK Haderslev",Dänemark,26,22,24784371
"SC Hasselt-Kermt",Belgien,65,35,24047239
"UD Alcoi",Spanien,27,19,22943962
"Valby BK",Dänemark,28,23,22325171
"FSV Flensburg",Deutschland,40,29,22217891
"Borussia Rehden",Deutschland,22,14,22204941
"Fortuna Seelow",Deutschland,22,12,21658334
"Juvento Viterbo",Italien,36,32,21293380
"SK Ústí",Tschechien,42,36,20711213
"SFC Grieskirchen",Österreich,23,21,20149565
"Whitestreaks Notts",England,45,40,20134456
"BSK Odd",Norwegen,12,10,19534066
"RSD Santander",Spanien,37,27,19472248
"SD Royal Zaragoza",Spanien,31,20,18552132
"RCD Formentera",Spanien,41,23,18161229
"Maidstone Champs",England,18,14,17976762
"Unionò Belluno",Italien,42,39,17093057
"ÚJ Budapest FC",Ungarn,70,32,16765026
"Vlaanderen Hamme",Belgien,30,24,16089761
"VfB Memmingen",Deutschland,37,22,15775471
"Wiener SC",Österreich,34,26,15631292
"Unión Villanovense",Spanien,22,18,15420634
"Union Neusiedl am See",Österreich,23,20,15182742
"Barrow Bees",England,23,21,15112276
"ZA Ebro",Spanien,18,16,14542001
"IS Höllviken 1934",Schweden,28,20,13382447
"ASS Piacenza Foot",Italien,22,18,13232915
"Lincoln Boxer",England,24,22,12977368
"Real Mungia",Spanien,11,9,12086068
"Colchester Albion",England,7,3,11938545
"AK Gomel",Weißrussland,38,30,11647545
"Guiseley United",England,8,6,11602525
"Tortona Calcio",Italien,14,10,10673397
"SV Rapperswil-Jona",Schweiz,60,16,10341762
"FSK Bergheim",Österreich,20,16,10150401
"Yeovil Cherries",England,14,7,9487253
"FSV Hildesheim",Deutschland,19,13,9342943
"Sternas Tripolis",Griechenland,21,19,9230244
"SG Kapellen 1931",Deutschland,10,7,8940758
"SG Savona 1902",Italien,30,22,8408256
"Victoria Hürth",Deutschland,21,11,7652989
"Fortuna Hennef",Deutschland,19,11,7275927
Güresonsport,Türkei,8,5,7200108
"Pallasaarja Oulu",Finnland,17,14,6591511
"Stranraer FV",Schottland,12,9,6296540
"SSK Halmstad",Schweden,24,8,5686053
"Olimpico Zakynthos",Griechenland,6,4,5608739
"Unión Guadalajara",Spanien,10,2,5342267
"SC Stadl-Paura",Österreich,8,4,5123819
"WFV Ahlen",Deutschland,19,11,4886982
"ACC Recanati",Italien,4,1,4854134
"FC Logroño",Spanien,4,3,4844653
"AW Berchem",Belgien,8,6,4651702
"Lazio Albano",Italien,4,4,4644601
"Hayes Swords",England,9,7,4543228
"AC Isola Ischia",Italien,8,3,4451840
"Mencza Brzesko",Polen,4,1,4444445
"Atleticó Sarno",Italien,4,3,4125360
"Virtus Montecatini",Italien,8,5,4030722
Tüçlaspocht,Türkei,4,1,3715838
"OB Kiew",Ukraine,4,2,3678877
"Marche Verona",Italien,6,4,3583493
"Real Mouscron",Belgien,4,2,3455967
"Chesterfield Athletic",England,16,7,3440725
"UD Bermeo",Spanien,4,2,2997472
"FSK Salo",Finnland,4,3,2940459
"Atlético Montañesa",Spanien,5,3,2896805
"Athletic Athlone",Irland,5,3,2842680
"Veneto Noale",Italien,4,3,2730250
"Sicilia Leonfortese",Italien,4,3,2662936
"Brianzoli Monza",Italien,4,2,2601270
"Coastguards Warton",England,4,1,2572553
"SK Strømmen",Norwegen,16,12,2524026
"FA Prat",Spanien,4,3,2511058
"Atlético Torrelavega",Spanien,4,2,2383587
"Atletico Taranto",Italien,5,3,2382289
"FTE Gaillard",Frankreich,5,5,2333293
"Atlético Cuenca",Spanien,4,2,2330413
"Olimpico Serravalle",Italien,4,3,2268229
"Emilia Lentigione",Italien,4,2,2256068
"Intra Gorgonzola",Italien,6,3,2208061
"Northfleet Conquerors",England,4,2,2120398
"CCV Rovigo",Italien,4,3,2031431
"FK Vrapče 76",Kroatien,4,4,1947380
"AC Poggibonsi",Italien,5,4,1926914
"Pomorskie Bytów",Polen,8,5,1866766
"FC Chemois Norte",Frankreich,4,2,1806244
"SG Arta 2013",Griechenland,4,2,1531671
"USD Mérida",Spanien,4,1,1494457
"St. Naas 1922",Irland,5,4,1475403
"Citadelle Belfort",Frankreich,4,3,1462341
"RSC Genéve",Schweiz,4,2,1434468
"CS Zamudio",Spanien,6,2,1423503
"KON Maassluis",Niederlande,6,3,1410706
"Stade Orléans",Frankreich,6,4,1360706
"Ginnastica Imola",Italien,4,2,1348747
"SA Boulogne-sur-Mer",Frankreich,4,3,1332398
"Extrema Almendralejo",Spanien,4,3,1331500
"Grafiká Vlašim CF ",Tschechien,4,3,1312683
"Depor San Juan",Spanien,6,5,1294364
"Rayo Yeclano",Spanien,7,5,1278654
"Gioventà Venezia",Italien,10,7,1271668
"CV Pontevedra",Spanien,4,3,1231098
"Bath CA",England,5,1,1225445
"Tos Montemurlo 1956",Italien,4,3,1189373
"Täby IF",Schweden,14,8,1159496
"Union Reggio",Italien,6,4,1157258
"ES Zamora",Spanien,4,3,1095515
"SE Melilla",Spanien,4,3,1088899
"Krazla Ryazan",Russland,4,3,1072730
"FV Aranda de Duero",Spanien,10,3,1048302
"AS Grumellesi",Italien,6,5,1044704
"FC Alcantara 1943",Portugal,8,3,1021315
"Unión Vélez",Spanien,4,1,1008556
"Zhunya Kursk",Russland,4,3,980535
"BSV Friesdorf",Deutschland,14,4,955230
"Isla Krk",Kroatien,4,1,950001
Menemensport,Türkei,7,4,929960
"FF Veldhoven 1928",Niederlande,4,3,925361
"Royal Irún",Spanien,2,2,907871
"AJ Consolat",Frankreich,4,4,889040
"Sportivo Fondi",Italien,4,3,854399
"SS Vicentino Valdagno",Italien,6,3,841945
"ASS Nardò",Italien,4,2,830312
"CA Avant Bastia",Frankreich,4,2,830191
"USS Torrecuso",Italien,4,2,813754
"Santiago Somozas",Spanien,6,3,804661
"SA Tokat",Türkei,8,3,801522
"VGI Uddevalla",Schweden,4,2,795231
"Tamworth Soccer",England,4,2,777066
"FC Piteå",Schweden,4,3,775928
"1. KV Třinec",Tschechien,4,2,751480
"Creo Pomigliano",Italien,4,3,727275
"US Sochaux",Frankreich,6,1,715897
"Racing Amiens",Frankreich,4,2,658012
"Alleanza Arzachena",Italien,4,2,655511
"SK Frýdek-Místek 1921",Tschechien,4,1,637743
"Onore Castelfranco",Italien,4,3,602014
"SAT Velsen",Niederlande,5,3,593187
"Unión Calahorra",Spanien,5,5,589285
"Inter Kajaani",Finnland,4,2,584312
"Academica Bisceglie",Italien,4,3,572086
"SC Nero Fratta",Italien,4,3,550105
"SD Arezzo",Italien,4,2,541514
"LO Azpeitia",Spanien,4,2,522439
"Olympique Lausanne",Schweiz,6,4,521119
"UDL Lorca",Spanien,4,4,519522
"Unione Padova",Italien,8,4,517217
"Carlisle Athletic",England,4,2,506769
"Ballybofey FC",Irland,5,2,504870
"Pinerolo Calcio",Italien,5,3,503531
"SC Vooruit Boom",Belgien,4,2,495619
"Ebreichsdorfer AK",Österreich,6,3,491442
"BF Galabovo",Bulgarien,4,2,485775
"Juventude Sines",Portugal,4,2,484250
"US Fermo 1919",Italien,4,2,484082
"Luparense Calcio",Italien,4,2,481734
"Elgin Atletic",Schottland,4,2,468805
"AS Ontinyent",Spanien,4,2,459336
"Montrose City",Schottland,4,1,440908
"Umbrio Gubbio",Italien,6,3,440385
Peçzlikspocht,Türkei,4,2,436900
"Futuro Ciserano",Italien,4,4,426853
"RSD Segovia",Spanien,4,3,426853
"AL Nímes",Frankreich,4,2,422901
"Unio Gozzano 1925",Italien,4,2,411696
"Hocruxo Vigo",Spanien,4,1,400039
"Academica Cluj",Rumänien,4,2,398278
"Francavilla Calcio",Italien,4,1,396128
"Rayo Pozoblanco",Spanien,4,2,396128
"CS Onda",Spanien,4,2,394001
"Eendracht Tiel",Niederlande,7,3,386144
"Racing Requena",Spanien,4,3,383904
"PSV Tampere",Finnland,4,1,382780
"Royal Londerzeel",Belgien,4,2,377808
"Annan SC",Schottland,4,2,377808
"SK Yuzhno",Russland,4,1,376151
"FK Tychy 1970",Polen,4,1,374578
"Chelyabinsk KV",Russland,4,1,374578
"Fegyvertár Gyirmót",Ungarn,4,1,355711
"FC Varese",Italien,6,1,355711
"Dmino Stavropol",Russland,4,1,352032
"Tolmin CF",Slowenien,4,1,346324
"Depor Mieres",Spanien,4,1,333435
"RC Dingwall",Schottland,2,1,333435
"ASCS San Severo",Italien,4,1,327305
"Sportivo Mancha Real",Spanien,4,1,327305
"ES Boiro",Spanien,4,2,321827
"Littoral Dunkerque",Frankreich,4,1,320029
"Real Lloseta",Spanien,5,1,314840
"AC Agropoli 1925",Italien,4,3,313877
"Almad Diyarbakır ",Türkei,4,1,308961
"Sportiva Liventina",Italien,4,1,307793
"Uniòn Sassari",Italien,4,1,307793
"Vitoria Constanța",Rumänien,13,3,302427
"USD San Giovanni",Italien,4,2,302198
"Atletiek Aalst",Belgien,4,2,283273
"Sporting Lecco",Italien,4,1,259684
"CR Lučko",Kroatien,6,2,257055
"FK Abano",Italien,4,1,257055
"Welling Soccerstars",England,5,1,256679
"GIN Sestri Levante",Italien,4,1,244456
"Fortemente Vibo",Italien,4,1,244364
"Unión Praia",Portugal,4,1,236061
"Italia Brugnera",Italien,4,1,233686
"Sibir Irkutsk",Russland,6,1,232233
"UD Sagunto",Spanien,4,2,228448
"Chorne Odessa",Ukraine,2,1,217370
"Unión Azuqueca",Spanien,4,2,216859
"Calcio Legnago",Italien,4,1,213165
"Loja FC",Spanien,4,2,207680
"CBA Laredo",Spanien,4,1,194182
"ZG Rudeš 55",Kroatien,2,1,181466
"Rayo Goitioltza",Spanien,4,1,181466
"Temse Sport",Belgien,4,2,176633
"Dynamit Budějovice",Tschechien,4,1,145439
"RSD Lucena",Spanien,4,2,136631
Mersinspor,Türkei,2,1,119713
NULL,NULL,3,0,0
"Cristallo Colle",Italien,4,0,0
NULL,NULL,3,0,0
"GV Barcelos",Portugal,2,0,0
NULL,NULL,3,0,0
NULL,NULL,3,0,0
"ZA Dniprodzerzhynsk",Ukraine,2,0,0
NULL,NULL,3,0,0
NULL,NULL,3,0,0
"Sportivo Navalcarnero",Spanien,4,1,0
"ZK Gdynia",Polen,2,0,0
"Saransk CF",Russland,2,0,0
"Ponte Mozzano Calcio",Italien,4,1,0
NULL,NULL,3,0,0
NULL,NULL,3,0,0
"Academy Solihull",England,4,0,0
"KF Pojorâta 2012",Rumänien,4,0,0
"Dinamit Barnaul",Russland,4,0,0
NULL,NULL,3,0,0
NULL,NULL,3,0,0
NULL,NULL,3,0,0
"CF Forfar",Schottland,4,1,0
NULL,NULL,3,0,0
"Iruña Osasuna",Spanien,2,0,0
"FC Quintanapalla",Spanien,9,1,0
"Naardvo NK",Norwegen,4,0,0
"AF Créteil-Lusitanos",Frankreich,5,1,0
NULL,NULL,3,0,0
NULL,NULL,3,0,0
"Olipcza Zambrów",Polen,4,0,0
NULL,NULL,3,0,0
NULL,NULL,3,0,0
"Aftokínito Xanthi",Griechenland,2,0,0
"SC Moreira de Cónegos",Portugal,2,0,0
NULL,NULL,3,0,0
NULL,NULL,3,0,0
"Due Piraino",Italien,4,0,0
NULL,NULL,3,0,0
NULL,NULL,3,0,0
"Electric Aldershot",England,4,0,0
"Ibarranense CF",Spanien,4,0,0
NULL,NULL,3,0,0
"Stockport Hats",England,4,0,0
"AFK Karbach",Deutschland,5,2,0
"Avernese Calcio",Italien,4,0,0
NULL,NULL,3,0,0
"Ponsacco Calcio",Italien,4,0,0
"AS Mutilva",Spanien,4,1,0
"Ethnikos Volos",Griechenland,4,0,0
"SAK Łęczna",Polen,2,0,0
"Dinamo Hrvace",Kroatien,4,1,0
"Margates Owls",England,4,0,0
NULL,NULL,3,0,0
NULL,NULL,3,0,0
"IFK Oskarshamn",Schweden,4,0,0
"Sportivo Burgos",Spanien,2,0,0
NULL,NULL,3,0,0
NULL,NULL,3,0,0
"Worcester Albion",England,4,0,0
"Cappellen Town",Belgien,4,0,0
NULL,NULL,3,0,0
"Terme Monte",Italien,4,1,0
NULL,NULL,3,0,0
"Entella Chiavari",Italien,2,1,0
"CV Atletico Mazzano",Italien,4,0,0
NULL,NULL,3,0,0
"Eccellenza Jesina",Italien,4,1,0
NULL,NULL,3,0,0
"Tapfer Burghausen",Deutschland,9,0,0
